ownerName,id,team,roomId,serverId,channelId,groupName,periodName,teamId,pinyin,account,liveRoomId
张语格,1,荣誉毕业生,67313770,1099660,1360997,SNH48,SNH48 一期生,1009,ZhangYuGe,20190415141426_prvl7v67faow7us,4614061
赵嘉敏,2,TEAM SII,,,,SNH48,SNH48 一期生,1001,ZhaoJiaMin,,
陈观慧,3,荣誉毕业生,,,,SNH48,SNH48 一期生,1009,ChenGuanHui,,
陈佳莹,4,TEAM NII,,,,SNH48,SNH48 二期生,1002,ChenJiaYing,,
袁雨桢,5,TEAM SII,,,,SNH48,SNH48 二期生,1001,YuanYuZhen,,
董艳芸,6,TEAM NII,,,,SNH48,SNH48 二期生,1002,DongYanYun,,
冯薪朵,7,TEAM NII,,,,SNH48,SNH48 二期生,1002,FengXinDuo,,
孙芮,8,明星殿堂,67322480,,,明星殿堂,SNH48 二期生,1008,SunRui,,3871095
沈之琳,9,预备生,,,,SNH48,SNH48 二期生,1007,ShenZhiLin,,
何晓玉,10,TEAM NII,,,,SNH48,SNH48 二期生,1002,HeXiaoYu,,
温晶婕,11,TEAM SII,,,,SNH48,SNH48 二期生,1001,WenJingJie,,
唐安琪,12,TEAM NII,,,,SNH48,SNH48 二期生,1002,TangAnQi,,
罗兰,13,TEAM NII,,,,SNH48,SNH48 二期生,1002,LuoLan,,
徐子轩,14,TEAM SII,,,,SNH48,SNH48 二期生,1001,XuZiXuan,,
孟玥,15,TEAM NII,,,,SNH48,SNH48 二期生,1002,MengYue,,
李艺彤,16,明星殿堂,,,,明星殿堂,SNH48 二期生,1008,LiYiTong,,
蒋芸,17,荣誉毕业生,67256337,1181021,1115469,SNH48,SNH48 二期生,1009,JiangYun,20190415141431_6ma7ux3q7pg73r8,3868291
徐晨辰,18,荣誉毕业生,67284386,1148747,1361177,SNH48,SNH48 一期生,1009,XuChenChen,20190415141321_or0hgt92gmdz33y,
孔肖吟,19,荣誉毕业生,67333101,,,SNH48,SNH48 一期生,1009,KongXiaoYin,20190415141910_zc0wu5kmxsum62z,
李宇琪,20,荣誉毕业生,67303256,,,SNH48,SNH48 一期生,1009,LiYuQi,20190415141913_5gwzr7kmtklmwjt,
许佳琪,21,荣誉毕业生,67217577,,,SNH48,SNH48 一期生,1009,XuJiaQi,20190415141323_cyy06jkt4o6ea67,
黄婷婷,22,TEAM NII,,,,SNH48,SNH48 二期生,1002,HuangTingTing,,
林思意,24,荣誉毕业生,67217583,1115224,1361178,SNH48,SNH48 二期生,1009,LinSiYi,20190415141354_gsuyrsh7l8rdt30,3870020
万丽娜,25,TEAM HII,,,,SNH48,SNH48 二期生,1003,WanLiNa,,
龚诗淇,26,TEAM NII,,,,SNH48,SNH48 二期生,1002,GongShiQi,,
赵粤,27,荣誉毕业生,67284410,,,SNH48,SNH48 二期生,1009,ZhaoYue,20190415141607_qwpyng70orn18oq,
李清扬,28,预备生,,,,SNH48,SNH48 三期生,1007,LiQingYang,,
郝婉晴,32,TEAM NII,,,,SNH48,SNH48 三期生,1002,HaoWanQing,,
易嘉爱,33,TEAM NII,,,,SNH48,SNH48 二期生,1002,YiJiaAi,,
陆婷,34,荣誉毕业生,67189770,,,SNH48,SNH48 二期生,1009,LuTing,20190415141326_3ql8q1r0qrkioj7,3866800
莫寒,35,荣誉毕业生,67313807,951814,1328237,SNH48,SNH48 一期生,1009,MoHan,20190415141719_po86rgofmzjhrdw,
钱蓓婷,36,荣誉毕业生,67275458,,,SNH48,SNH48 一期生,1009,QianBeiTing,20190415141752_4ssranlu40473lq,3870016
陈思,37,荣誉毕业生,,,,SNH48,SNH48 一期生,1009,ChenSi,,
戴萌,38,荣誉毕业生,67199568,951815,1279970,SNH48,SNH48 一期生,1009,DaiMeng,20190415141357_5514x4gl59p99pn,3871094
吴哲晗,39,荣誉毕业生,67217571,1115409,1377343,SNH48,SNH48 一期生,1009,WuZheHan,20190415141209_gq5sujylnvc98ze,3872011
邱欣怡,40,荣誉毕业生,67352247,,,SNH48,SNH48 一期生,1009,QiuXinYi,20190415141038_9e1nm6qihlgvlkr,3870017
徐伊人,43,IDFT,67217603,,,IDFT,SNH48 三期生,1501,XuYiRen,20190415141758_acd9i8l4xap25j4,
谢妮,45,TEAM NII,,,,SNH48,SNH48 三期生,1002,XieNi,,
刘佩鑫,46,TEAM NII,,,,SNH48,SNH48 三期生,1002,LiuPeiXin,,
王柏硕,47,预备生,,,,SNH48,SNH48 三期生,1007,WangBaiShuo,,
鞠婧祎,48,明星殿堂,,,,明星殿堂,SNH48 二期生,1008,JuJingYi,,
曾艳芬,49,TEAM NII,,,,SNH48,SNH48 二期生,1002,ZengYanFen,,
袋王,63,,67236601,1213763,1361347,官方,官方,,DaiWang,20190415141405_g39rcll22gft9h5,
袁丹妮,67,TEAM SII,,,,SNH48,SNH48 三期生,1001,YuanDanNi,,
陈问言,68,TEAM NII,,,,SNH48,SNH48 二期生,1002,ChenWenYan,,
刘炅然,1544,TEAM K,,,,CKG48,SNH48 三期生,1402,LiuJiongRan,,
徐晗,2470,TEAM HII,,,,SNH48,SNH48 三期生,1003,XuHan,,
张昕,2508,荣誉毕业生,67265436,1246459,1279492,SNH48,SNH48 三期生,1009,ZhangXin,20190415141444_bzsqmgx0770bo7f,3872016
陈怡馨,5560,TEAM HII,,,,SNH48,SNH48 三期生,1003,ChenYiXin,,
李豆豆,5561,TEAM HII,,,,SNH48,SNH48 三期生,1003,LiDouDou,,
林楠,5562,TEAM HII,,,,SNH48,SNH48 三期生,1003,LinNan,,
王璐,5563,TEAM HII,,,,SNH48,SNH48 三期生,1003,WangLu,,
吴燕文,5564,预备生,,,,SNH48,SNH48 三期生,1007,WuYanWen,,
许杨玉琢,5566,荣誉毕业生,67236636,1147918,1360915,SNH48,SNH48 三期生,1009,XuYangYuZhuo,20190415141941_pj80ldv7dn307cf,3868298
杨惠婷,5567,IDFT,,,,IDFT,SNH48 三期生,1501,YangHuiTing,,
张雨鑫,5574,TEAM NII,67217613,,,SNH48,SNH48 三期生,1002,ZhangYuXin,20190415141916_2fsz5gzc9gco89w,3872017
SNH48,5973,,67207881,,,官方,官方,,SNH48,20190415142302_jir0fiilktunyfh,3869841
赵晔,6429,TEAM SII,,,,SNH48,SNH48 三期生,1001,ZhaoYe,,
陈琳,6431,TEAM X,67207851,1213951,1279493,SNH48,SNH48 四期生,1004,ChenLin,20190415141943_jqyay04n5ql9m2p,3870022
冯晓菲,6432,TEAM X,,,,SNH48,SNH48 四期生,1004,FengXiaoFei,,
李晶,6734,TEAM X,,,,SNH48,SNH48 四期生,1004,LiJing,,
李钊,6735,TEAM X,,,,SNH48,SNH48 四期生,1004,LiZhao,,
孙静怡,6736,TEAM X,,,,SNH48,SNH48 四期生,1004,SunJingYi,,
邵雪聪,6737,TEAM SII,67275431,951785,1115473,SNH48,SNH48 四期生,1001,ShaoXueCong,20190415141454_ywcti05htvv7jjl,3872019
宋昕冉,6738,TEAM X,67352254,1147919,1164560,SNH48,SNH48 四期生,1004,SongXinRan,20190415141127_yovqcueffn3fd97,3866807
孙歆文,6739,预备生,,,,SNH48,SNH48 四期生,1007,SunXinWen,,
汪佳翎,6740,TEAM X,,,,SNH48,SNH48 四期生,1004,WangJiaLing,,
汪束,6741,TEAM X,,,,SNH48,SNH48 四期生,1004,WangShu,,
王晓佳,6742,荣誉毕业生,67390943,1147920,1361109,SNH48,SNH48 四期生,1009,WangXiaoJia,20190415141949_rky560wdyz1585m,3866809
谢天依,6743,TEAM X,67207831,1148116,1230623,SNH48,SNH48 四期生,1004,XieTianYi,20190415141457_0wj1hxzbnz0zwf4,3868302
杨冰怡,6744,TEAM X,67333093,951574,1230624,SNH48,SNH48 四期生,1004,YangBingYi,20190415141807_a3gyi0w3hs0it3t,3872020
闫明筠,6745,TEAM SII,67333066,1148708,1345522,SNH48,SNH48 四期生,1001,YanMingJun,20190415141500_24sw7tne8dav119,3868295
杨韫玉,6746,TEAM X,,,,SNH48,SNH48 四期生,1004,YangYunYu,,
张丹三,6747,TEAM X,,,,SNH48,SNH48 四期生,1004,ZhangDanSan,,
张韵雯,6749,TEAM X,,,,SNH48,SNH48 四期生,1004,ZhangYunWen,,
影视君,9073,,67236685,,,官方,官方,,YingShiJun,20190415142744_urfesi4pt8sxn08,
刘力玮,48995,TEAM SII,,,,SNH48,SNH48 五期生,1001,LiuLiWei,,
申月姣,48997,TEAM SII,,,,SNH48,SNH48 五期生,1001,ShenYueJiao,,
徐佳丽,48998,TEAM B,,,,BEJ48,SNH48 五期生,1101,XuJiaLi,,
刘诗蕾,49000,TEAM NII,,,,SNH48,SNH48 五期生,1002,LiuShiLei,,
周怡,49003,TEAM NII,,,,SNH48,SNH48 五期生,1002,ZhouYi,,
沈梦瑶,49005,TEAM HII,67265421,1181232,1164960,SNH48,SNH48 五期生,1003,ShenMengYao,20190415141331_bk1nchdtzwzall9,3870025
王露皎,49006,IDFT,,,,IDFT,SNH48 五期生,1501,WangLuJiao,,
袁航,49007,TEAM HII,,,,SNH48,SNH48 五期生,1003,YuanHang,,
陈珂,63548,荣誉毕业生,67246060,1181025,1230629,GNZ48,SNH48 五期生,1204,ChenKe,20190415141217_t38kguc9mc9vv16,3868305
陈美君,63549,TEAM B,,,,BEJ48,SNH48 五期生,1101,ChenMeiJun,,
陈音,63550,TEAM XII,,,,SNH48,SNH48 五期生,1005,ChenYin,,
陈韫凌,63551,IDFT,,,,IDFT,SNH48 五期生,1501,ChenYunLing,,
陈雨琪,63552,TEAM G,,,,GNZ48,SNH48 五期生,1201,ChenYuQi,,
杜雨微,63553,TEAM G,,,,GNZ48,SNH48 五期生,1201,DuYuWei,,
段艺璇,63554,荣誉毕业生,67333062,1181226,1115468,SNH48,SNH48 五期生,1009,DuanYiXuan,20190415141413_ohmdxf6236z5u01,3868306
费沁源,63555,TEAM HII,67265467,1181229,1164556,SNH48,SNH48 五期生,1003,FeiQinYuan,20190415141918_05fgu4uyyu926w3,3871113
冯雪莹,63556,TEAM B,,,,BEJ48,SNH48 五期生,1101,FengXueYing,,
高源婧,63557,TEAM G,,,,GNZ48,SNH48 五期生,1201,GaoYuanJing,,
洪珮雲,63558,预备生,,,,SNH48,SNH48 五期生,1007,HongPeiYun,,
胡晓慧,63559,TEAM NII,67362289,1181227,1279287,SNH48,SNH48 五期生,1002,HuXiaoHui,20190415141812_szd6d8h2cd1tic5,3868307
姜杉,63560,荣誉毕业生,67284424,1099627,1312204,SNH48,SNH48 五期生,1009,JiangShan,20190415141730_jvw87gfsg6wjd5d,3871115
蒋舒婷,63561,TEAM HII,67333084,1181230,1279299,SNH48,SNH48 五期生,1003,JiangShuTing,20190415141733_8o51kbq2xeldh0x,3869326
林嘉佩,63562,TEAM G,,,,GNZ48,SNH48 五期生,1201,LinJiaPei,,
刘梦雅,63563,TEAM G,,,,GNZ48,SNH48 五期生,1201,LiuMengYa,,
李沁洁,63564,TEAM G,,,,GNZ48,SNH48 五期生,1201,LiQinJie,,
刘筱筱,63565,TEAM G,,,,GNZ48,SNH48 五期生,1201,LiuXiaoXiao,,
刘增艳,63566,TEAM SII,67322491,1115196,1311973,SNH48,SNH48 五期生,1001,LiuZengYan,20190415141952_q6z82g4sk577wbh,3869329
潘瑛琪,63567,TEAM NII,67265451,1213952,1361113,SNH48,SNH48 五期生,1002,PanYingQi,20190415141613_il85sqno2p74ch3,3871117
宋思娴,63568,TEAM B,,,,BEJ48,SNH48 五期生,1101,SongSiXian,,
时语婕,63569,TEAM XII,,,,SNH48,SNH48 五期生,1005,ShiYuJie,,
宋雨珊,63570,TEAM HII,,,,SNH48,SNH48 五期生,1003,SongYuShan,,
田姝丽,63571,TEAM SII,67313745,1246457,1279471,SNH48,SNH48 五期生,1001,TianShuLi,20190415141223_fd1j9c2yd8txihq,3868309
谢蕾蕾,63572,预备生,,,,GNZ48,SNH48 五期生,1207,XieLeiLei,,
熊素君,63573,CKG48,,,,CKG48,SNH48 五期生,1404,XiongSuJun,,
严佼君,63574,TEAM NII,,,,SNH48,SNH48 五期生,1002,YanJiaoJun,,
於佳怡,63575,IDFT,,,,IDFT,SNH48 五期生,1501,YuJiaYi,,
阳青颖,63576,IDFT,67352300,1148122,1361340,IDFT,SNH48 五期生,1501,YangQingYing,20190415141831_ojfmetiwn49c232,3869330
曾艾佳,63577,荣誉毕业生,67293879,1148717,1312433,GNZ48,SNH48 五期生,1204,ZengAiJia,20190415141420_2jota0mz0c5g3nw,3872026
张菡筱,63578,TEAM B,,,,BEJ48,SNH48 五期生,1101,ZhangHanXiao,,
邹佳佳,63579,TEAM XII,,,,SNH48,SNH48 五期生,1005,ZouJiaJia,,
张凯祺,63580,IDFT,67246084,951795,1165038,IDFT,SNH48 五期生,1501,ZhangKaiQi,20190415141921_3887wlx6ymx5dea,3868311
张文静,63581,预备生,,,,SNH48,SNH48 五期生,1007,ZhangWenJing,,
张怡,63582,TEAM NII,,,,SNH48,SNH48 五期生,1002,ZhangYi,,
成珏,286973,预备生,,,,SNH48,SNH48 六期生,1007,ChengJue,,
钱艺,286974,TEAM NII,,,,SNH48,SNH48 六期生,1002,QianYi,,
邓艳秋菲,286975,TEAM NII,,,,SNH48,SNH48 六期生,1002,DengYanQiuFei,,
黄彤扬,286976,预备生,,,,SNH48,SNH48 六期生,1007,HuangTongYang,,
孙珍妮,286977,TEAM HII,67390920,1147917,1230614,SNH48,SNH48 六期生,1003,SunZhenNi,20190415141619_9n3it71c17wxhu2,3866821
王金铭,286978,TEAM HIII,,,,SHY48,SNH48 六期生,1302,WangJinMing,,
张嘉予,286979,IDFT,67313734,1115383,1377302,IDFT,SNH48 六期生,1501,ZhangJiaYu,20190415141136_vq3044bsreq4viq,
林忆宁,286980,TEAM X,,,,SNH48,SNH48 六期生,1004,LinYiNing,,
吕梦莹,286982,预备生,,,,SNH48,SNH48 六期生,1007,LvMengYing,,
李佳恩,286983,TEAM HII,67199599,1181231,1360913,SNH48,SNH48 六期生,1003,LiJiaEn,20190415142000_2m5lrtya8104kxq,3866824
程文路,286984,TEAM XII,,,,SNH48,SNH48 六期生,1005,ChengWenLu,,
胡怡莹,327557,TEAM G,,,,GNZ48,SNH48 六期生,1202,HuYiYing,,
罗寒月,327558,TEAM Z,67217562,1115199,1164577,GNZ48,SNH48 六期生,1203,LuoHanYue,20190415141049_ogmrqywc8vea14v,3871123
王馨悦,327559,TEAM G,,,,GNZ48,GNZ48 六期生,1201,WangXinYue,,
张琼予,327560,TEAM G,67236638,1148117,1361310,GNZ48,SNH48 六期生,1201,ZhangQiongYu,20190415142003_08lbj9rfj4ls9d7,3872028
周倩玉,327561,CKG48,,,,CKG48,SNH48 六期生,1404,ZhouQianYu,,
陈慧婧,327562,TEAM NIII,,,,GNZ48,SNH48 六期生,1202,ChenHuiJing,,
陈楠茜,327563,荣誉毕业生,67189785,1148926,1361916,GNZ48,SNH48 六期生,1204,ChenNanQian,20190415141624_9lx4d3u9fmh953p,3871124
陈欣妤,327564,TEAM NIII,,,,GNZ48,SNH48 六期生,1202,ChenXinYu,,
冯嘉希,327565,IDFT,,,,IDFT,SNH48 六期生,1501,FengJiaXi,,
洪静雯,327566,TEAM NIII,67199579,1148927,1279506,GNZ48,SNH48 六期生,1202,HongJingWen,20190415141528_eiakrk2rn0nwr9t,3870037
刘力菲,327567,荣誉毕业生,67342026,1246463,1345142,GNZ48,SNH48 六期生,1204,LiuLiFei,20190415141138_vs435su4fi1dw72,3872031
刘倩倩,327568,荣誉毕业生,67246058,951789,1360939,GNZ48,SNH48 六期生,1204,LiuQianQian,20190415141051_9vw7bgdr7tge5dp,3872032
卢静,327569,荣誉毕业生,67217596,1213758,1230842,GNZ48,SNH48 六期生,1204,LuJing,20190415141627_b7lkbn9tr5ugrdx,3872033
孙馨,327570,TEAM NIII,,,,GNZ48,SNH48 六期生,1202,SunXin,,
唐莉佳,327571,荣誉毕业生,67333045,1164288,1312427,GNZ48,SNH48 六期生,1204,TangLiJia,20190415141234_1fjclepuy05ycee,3872034
冼燊楠,327572,TEAM NIII,67189767,1214151,1361318,GNZ48,SNH48 六期生,1202,XianShenNan,20190415141237_1raaxjiivtlvfz8,3868316
肖文铃,327573,TEAM NIII,,,,GNZ48,SNH48 六期生,1202,XiaoWenLing,,
熊心瑶,327574,IDFT,67380527,1181031,1328217,IDFT,SNH48 六期生,1501,XiongXinYao,20190415141239_2fcb6a45rh87c2q,3868317
郑丹妮,327575,TEAM NIII,67256340,1181027,1230422,GNZ48,SNH48 六期生,1202,ZhengDanNi,20190415141530_2sx12lv3r79cxv2,3871126
左嘉欣,327576,TEAM NIII,,,,GNZ48,SNH48 六期生,1202,ZuoJiaXin,,
左婧媛,327577,TEAM X,67380556,1115377,1164995,SNH48,SNH48 六期生,1004,ZuoJingYuan,20190415141927_315lt4cpcqkbwpo,3872036
林溪荷,327578,TEAM B,,,,BEJ48,SNH48 六期生,1101,LinXiHe,,
刘姝贤,327579,荣誉毕业生,67275416,1099626,1311985,SNH48,SNH48 六期生,1009,LiuShuXian,20190415141245_ew11yte5mewp1em,3871127
张梦慧,327580,TEAM B,67236634,1148713,1230415,BEJ48,SNH48 六期生,1101,ZhangMengHui,20190415141930_oozd4m7apr0gjdc,3868318
青钰雯,327581,TEAM NII,67236584,1214147,1344944,SNH48,SNH48 六期生,1002,QingYuWen,20190415141057_3v453c9kstgdybp,3871128
孙姗,327582,TEAM B,,,,BEJ48,SNH48 六期生,1101,SunShan,,
文妍,327583,TEAM B,,,,BEJ48,SNH48 六期生,1101,WenYan,,
胡博文,327584,TEAM B,,,,BEJ48,SNH48 六期生,1101,HuBoWen,,
夏越,327585,TEAM B,,,,BEJ48,SNH48 六期生,1101,XiaYue,,
牛聪聪,327586,TEAM B,,,,BEJ48,SNH48 六期生,1101,NiuCongCong,,
冯思佳,327587,TEAM HII,67293874,1148922,1312203,SNH48,SNH48 六期生,1003,FengSiJia,20190415141248_462h5svss28ufn3,3871130
陈姣荷,327588,TEAM E,,,,BEJ48,SNH48 六期生,1102,ChenJiaoHe,,
罗雪丽,327589,IDFT,,,,IDFT,SNH48 六期生,1501,LuoXueLi,,
毕梦媛,327590,TEAM E,,,,BEJ48,SNH48 六期生,1102,BiMengYuan,,
李梓,327591,TEAM E,,,,BEJ48,SNH48 六期生,1102,LiZi,,
李媛媛,327592,TEAM E,,,,BEJ48,SNH48 六期生,1102,LiYuanYuan,,
李诗彦,327593,TEAM E,,,,BEJ48,SNH48 六期生,1102,LiShiYan,,
李想,327594,TEAM E,,,,BEJ48,SNH48 六期生,1102,LiXiang,,
郑一凡,327595,BEJ48,,,,BEJ48,SNH48 六期生,1105,ZhengYiFan,,
马玉灵,327596,TEAM SII,67342074,951783,1311974,SNH48,SNH48 六期生,1001,MaYuLing,20190415141853_zwcdlkdfbp1ge7t,3871133
苏杉杉,327597,TEAM NII,67362271,1181228,1262708,SNH48,SNH48 六期生,1002,SuShanShan,20190415141533_3dzdbat0k1yfhre,3866827
张笑盈,327598,荣誉毕业生,67246081,1148709,1311993,SNH48,SNH48 六期生,1009,ZhangXiaoYing,20190415141856_nt4paffzf0kw1uu,3868320
林堃,327599,TEAM E,,,,BEJ48,SNH48 六期生,1102,LinKun,,
顼凘炀,327600,BEJ48,,,,BEJ48,SNH48 六期生,1105,XuSiYang,,
陈倩楠,327601,TEAM NII,67207817,,,SNH48,SNH48 六期生,1002,ChenQianNan,20190415141141_vih7vn2x9cm4euo,3871134
刘胜男,327602,TEAM X,67199580,1148115,1115484,SNH48,SNH48 六期生,1004,LiuShengNan,20190415141536_orr1h2qageff32k,3868322
易妍倩,327603,TEAM E,,,,BEJ48,SNH48 六期生,1102,YiYanQian,,
BEJ48,327682,,67207875,,,官方,官方,,BEJ48,20190415142248_a113kfk5mlooj1u,3872562
GNZ48,327683,,67380600,,,官方,官方,,GNZ48,20190415142350_pwxqty1aw7x8jx0,3874066
吕一,399631,TEAM X,67265389,1213754,1164969,SNH48,SNH48 七期生,1004,LvYi,20190415141103_kskm9ptam1juou2,4175670
潘燕琦,399652,预备生,,,,SNH48,SNH48 七期生,1007,PanYanQi,,
赵韩倩,399654,TEAM SII,,,,SNH48,SNH48 七期生,1001,ZhaoHanQian,,
徐真,399657,TEAM NII,,,,SNH48,SNH48 七期生,1002,XuZhen,,
江真仪,399662,IDFT,67342039,951793,1279934,IDFT,SNH48 七期生,1501,JiangZhenYi,20190415141344_blap4tb241ovmvu,
刘菊子,399664,TEAM NII,,,,SNH48,SNH48 七期生,1002,LiuJuZi,,
张雅梦,399665,TEAM NII,,,,SNH48,SNH48 七期生,1002,ZhangYaMeng,,
刘瀛,399667,预备生,,,,SNH48,SNH48 七期生,1007,LiuYing,,
许逸,399668,IDFT,,,,IDFT,SNH48 七期生,1501,XuYi,,
袁一琦,399669,明星殿堂,67275447,1214149,1345320,明星殿堂,SNH48 七期生,1008,YuanYiQi,20190415141543_kfpd3vljr904faq,4173867
祁静,399672,TEAM X,,,,SNH48,SNH48 七期生,1004,QiJing,,
曾晓雯,399673,TEAM HII,,,,SNH48,SNH48 七期生,1003,ZengXiaoWen,,
徐诗琪,399674,预备生,67313751,1181023,1279501,SNH48,SNH48 七期生,1007,XuShiQi,20190415141256_mj5y9m4a61bpjs3,4175677
吴月黎,407071,TEAM B,,,,BEJ48,BEJ48 一期生,1101,WuYueLi,,
陈逸菲,407077,TEAM B,,,,BEJ48,BEJ48 一期生,1101,ChenYiFei,,
陈雅钰,407101,TEAM J,,,,BEJ48,BEJ48 一期生,1103,ChenYaYu,,
房蕾,407103,TEAM J,,,,BEJ48,BEJ48 一期生,1103,FangLei,,
葛司琪,407104,TEAM J,,,,BEJ48,BEJ48 一期生,1103,GeSiQi,,
黄恩茹,407106,TEAM SII,67333041,1148111,1164945,SNH48,BEJ48 一期生,1001,HuangEnRu,20190415141149_n674hpwn2050c4c,4312285
李泓瑶,407108,IDFT,67313801,1147928,1246229,IDFT,BEJ48 一期生,1501,LiHongYao,20190415141700_em3l5pq25xo06ln,
刘闲,407110,TEAM NII,67303252,1214146,1279476,SNH48,BEJ48 一期生,1002,LiuXian,20190415141703_001pgfl5ue93ee5,4307916
任心怡,407112,TEAM J,,,,BEJ48,BEJ48 一期生,1103,RenXinYi,,
任玥霖,407114,IDFT,,,,IDFT,BEJ48 一期生,1501,RenYueLin,,
单习文,407118,TEAM J,,,,BEJ48,BEJ48 一期生,1103,ShanXiWen,,
石羽莎,407119,TEAM J,,,,BEJ48,BEJ48 一期生,1103,ShiYuSuo,,
孙语姗,407121,TEAM HII,67303246,1214148,1311999,SNH48,BEJ48 一期生,1003,SunYuShan,20190415141546_8x15ruuhatl9i4s,4311573
叶苗苗,407124,TEAM J,,,,BEJ48,BEJ48 一期生,1103,YeMiaoMiao,,
杨晔,407126,TEAM X,,6227955,7587624,SNH48,BEJ48 一期生,1004,YangYe,20190415141708_jkyh2158qu3n658,4310651
张怀瑾,407127,TEAM NII,67380550,1147915,1262712,SNH48,BEJ48 一期生,1002,ZhangHuaiJin,20190415141823_rl2q8irr8di840x,4310652
张韩紫陌,407130,IDFT,67370544,1099639,1279744,IDFT,BEJ48 一期生,1501,ZhangHanZiMo,20190415141935_3r37qly29ptf412,
李娜(一期生),407132,TEAM E,,,,BEJ48,BEJ48 一期生,1102,LiNa（LiShangYi）,,
杨一帆,407135,TEAM E,,,,BEJ48,BEJ48 一期生,1102,YangYiFan,,
王雨煊,407168,TEAM J,,,,BEJ48,BEJ48 一期生,1103,WangYuXuan,,
黄黎蓉,410175,IDFT,,,,IDFT,GNZ48 一期生,1501,HuangLiRong,,
向芸,410177,TEAM G,,,,GNZ48,GNZ48 一期生,1201,XiangYun,,
戴欣佚,410179,TEAM NIII,,,,GNZ48,GNZ48 一期生,1202,DaiXinYi,,
李伊虹,410180,TEAM NIII,,,,GNZ48,GNZ48 一期生,1202,LiYiHong,,
陈桂君,417311,TEAM Z,67370540,1213956,1361320,GNZ48,GNZ48 一期生,1203,ChenGuiJun,20190415141826_dx14l1jz7b4nqc6,5081868
陈梓荧,417315,TEAM Z,,,,GNZ48,GNZ48 一期生,1203,ChenZiYing,,
代玲,417316,IDFT,,,,IDFT,GNZ48 一期生,1501,DaiLing,,
杜秋霖,417317,TEAM Z,,,,GNZ48,GNZ48 一期生,1203,DuQiuLin,,
刘嘉怡,417318,TEAM Z,,,,GNZ48,GNZ48 一期生,1203,LiuJiaYi,,
龙亦瑞,417320,荣誉毕业生,67390893,1099632,1361128,GNZ48,GNZ48 一期生,1204,LongYiRui,20190415141155_ug9s7o3dm3lchx8,5081871
农燕萍,417321,荣誉毕业生,67313737,1147923,1246210,GNZ48,GNZ48 一期生,1204,NongYanPing,20190415141158_lmtt5xwdoj7nx7q,5081873
王芊诺,417324,TEAM NIII,67293873,1016835,1312650,GNZ48,GNZ48 一期生,1202,WangQianNuo,20190415141200_3fd45yrw49tww9f,5083254
王炯义,417325,TEAM Z,,,,GNZ48,GNZ48 一期生,1203,WangJiongYi,,
王偲越,417326,TEAM Z,67217582,1148119,1279923,GNZ48,GNZ48 一期生,1203,WangCaiYue,20190415141352_yjxojya5y8fbuyk,5080436
王盈,417328,TEAM Z,,,,GNZ48,GNZ48 一期生,1203,WangYing,,
王秭歆,417329,TEAM G,,1181028,1360944,GNZ48,GNZ48 一期生,1201,WangZiXin,20190415141829_a0ob0f4vnwxmw8e,5083255
杨可璐,417330,TEAM G,,1147925,1312429,GNZ48,GNZ48 一期生,1201,YangKeLu,20190415142019_z3jaao840ytr4fy,5084349
杨媛媛,417331,TEAM Z,67342057,951577,1312655,GNZ48,GNZ48 一期生,1203,YangYuanYuan,20190415141551_gplwzj5w7d4kg2z,5082313
于珊珊,417332,TEAM Z,,,,GNZ48,GNZ48 一期生,1203,YuShanShan,,
张心雨,417333,TEAM Z,,,,GNZ48,GNZ48 一期生,1203,ZhangXinYu,,
赵欣雨,417335,IDFT,,,,IDFT,GNZ48 一期生,1501,ZhaoXinYu,,
赵翊民,417336,IDFT,67265449,1164291,1246238,IDFT,GNZ48 一期生,1501,ZhaoYiMin,20190415141556_de4o8f6gwtxxz59,5084202
姚祎纯,419966,预备生,,,,SNH48,SNH48 七期生,1007,YaoYiChun,,
许婉玉,444081,IDFT,,,,IDFT,BEJ48 一期生,1501,XuWanYu,,
李慧,458335,TEAM SII,67207862,1213750,1164765,SNH48,SHY48 一期生,1001,LiHui,20190415142128_ol4kv215tn2rxbi,6478871
南翎璞,458358,TEAM SIII,,,,SHY48,SHY48 一期生,1301,NanLingPu,,
徐静妍,459988,TEAM SIII,,,,SHY48,SHY48 一期生,1301,XuJingYan,,
王诗蒙,459989,TEAM NII,,,,SNH48,SHY48 一期生,1002,WangShiMeng,,
卢天惠,459991,TEAM NII,67189812,1246458,1230604,SNH48,SHY48 一期生,1002,LuTianHui,20190415142055_l9k6e8yjlzqqj0b,6477874
刘娜,459992,TEAM SIII,,,,SHY48,SHY48 一期生,1301,LiuNa,,
刘娇,459993,TEAM SIII,,,,SHY48,SHY48 一期生,1301,LiuJiao,,
秦玺,459994,TEAM SIII,,,,SHY48,SHY48 一期生,1301,QinXi,,
赖梓惜,459995,TEAM Z,,,,GNZ48,SHY48 一期生,1203,LaiZiXi,,
关思雨,459996,TEAM SIII,,,,SHY48,SHY48 一期生,1301,GuanSiYu,,
朱燕,459997,IDFT,67303271,951796,1279747,IDFT,SHY48 一期生,1501,ZhuYan,20190415142139_apnzskd2sk642j4,6483558
韩家乐,459999,荣誉毕业生,67189813,951570,1345525,SNH48,SHY48 一期生,1009,HanJiaLe,20190415142104_dateshzwwgcz597,6482745
陈婧文,460000,TEAM SIII,,,,SHY48,SHY48 一期生,1301,ChenJingWen,,
付紫琪,460002,IDFT,,,,IDFT,SHY48 一期生,1501,FuZiQi,,
冯译莹,460003,IDFT,,,,IDFT,SHY48 一期生,1501,FengYiYing,,
杨允涵,460004,CKG48,67390969,1148120,1230656,CKG48,SHY48 一期生,1404,YangYunHan,20190415142131_kwct5b7frup5q85,6483556
赵佳蕊,460005,TEAM NII,67275492,1213949,1345528,SNH48,SHY48 一期生,1002,ZhaoJiaRui,20190415142112_qu8cr5c8wtsyxyu,6486104
孙敏,460007,IDFT,,,,IDFT,SHY48 一期生,1501,SunMin,,
SHY48,460933,,67189818,,,官方,官方,,SHY48,20190415142142_q92v8u2h24126ep,
董思佳,480656,TEAM HIII,,,,SHY48,SHY48 一期生,1302,DongSiJia,,
高志娴,480665,TEAM E,,4720566,5751879,BEJ48,SHY48 一期生,1102,GaoZhiXian,20190415142042_g9twpiahcsp34oi,7403679
寇承希,480666,IDFT,,9471751,12059765,IDFT,SHY48 一期生,1501,KouChengXi,20190415142215_j9716k4ofybz0vh,
刘静晗,480667,TEAM X,,,,SNH48,SHY48 一期生,1004,LiuJingHan,,
李晴,480668,IDFT,,,,IDFT,SHY48 一期生,1501,LiQing,,
李熙凝,480670,TEAM HIII,,,,SHY48,SHY48 一期生,1302,LiXiNing,,
曲悦萌,480671,IDFT,,,,IDFT,SHY48 一期生,1501,QuYueMeng,,
任雨情,480672,TEAM HIII,,,,SHY48,SHY48 一期生,1302,RenYuQing,,
徐斐然,480673,IDFT,,,,IDFT,SHY48 一期生,1501,XuFeiRan,,
杨肖,480674,TEAM HIII,,,,SHY48,SHY48 一期生,1302,YangXiao,,
张爱静,480675,CKG48,67265495,1148718,1279526,CKG48,SHY48 一期生,1404,ZhangAiJing,20190415142156_42p2y146i8jb6g3,7395696
郑洁丽,480676,TEAM J,,,,BEJ48,SHY48 一期生,1103,ZhengJieLi,,
张儒轶,480678,TEAM HIII,,,,SHY48,SHY48 一期生,1302,ZhangRuYi,,
张云梦,480679,TEAM HIII,,,,SHY48,SHY48 一期生,1302,ZhangYunMeng,,
张幼柠,480680,荣誉毕业生,114030785,1148716,1279721,GNZ48,SHY48 一期生,1204,ZhangYouNing,20190711091742_ukmrrzyg2wg4t0v,7407185
SNH48星梦剧院,526172,,67256375,,,官方,官方,,SNH48XingMengJuYuan,20190415142436_9l5do184vkpjiy0,
胡丽芝,528094,TEAM B,,,,BEJ48,BEJ48 二期生,1101,HuLiZhi,,
刘崇恬,528101,TEAM B,,,,BEJ48,BEJ48 二期生,1101,LiuChongTian,,
李沐遥,528106,TEAM B,,,,BEJ48,BEJ48 二期生,1101,LiMuYao,,
毛其羽,528118,IDFT,,,,IDFT,BEJ48 二期生,1501,MaoQiYu,,
孙晓艳,528329,TEAM E,67303279,951788,1164974,BEJ48,BEJ48 二期生,1102,SunXiaoYan,20190415142232_6dj1lja3h6dqn40,8694381
郑依灵,528330,TEAM B,,,,BEJ48,BEJ48 二期生,1101,ZhengYiLing,,
黄子璇,528331,TEAM E,,,,BEJ48,BEJ48 二期生,1102,HuangZiXuan,,
李烨,528332,TEAM E,,,,BEJ48,BEJ48 二期生,1102,LiYe,,
徐静,528333,TEAM E,,,,BEJ48,BEJ48 二期生,1102,XuJing,,
赵笛儿,528334,TEAM E,,,,BEJ48,BEJ48 二期生,1102,ZhaoDiEr,,
金锣赛,528335,BEJ48,,,,BEJ48,BEJ48 二期生,1105,JinLuoSai,,
兰昊,528336,IDFT,67207870,,,IDFT,BEJ48 二期生,1501,LanHao,,
刘一菲,528337,BEJ48,,,,BEJ48,BEJ48 二期生,1105,LiuYiFei,,
乔钰珂,528339,IDFT,,,,IDFT,BEJ48 二期生,1501,QiaoYuKe,,
郑心雨,528340,TEAM J,,,,BEJ48,BEJ48 二期生,1103,ZhengXinYu,,
陈奕君,529991,TEAM SIII,,,,SHY48,SHY48 二期生,1301,ChenYiJun,,
菅瑞静,530378,TEAM SIII,,,,SHY48,SHY48 二期生,1301,JianRuiJing,,
叶锦童,530380,TEAM SIII,,,,SHY48,SHY48 二期生,1301,YeJinTong,,
臧聪,530381,TEAM E,,,,BEJ48,SHY48 二期生,1102,ZangCong,,
郑诗琪,530383,IDFT,67246100,1181032,1246236,IDFT,SHY48 二期生,1501,ZhengShiQi,20190415142312_73bplbc6673n6hq,
方诗涵,530384,TEAM HIII,,,,SHY48,SHY48 二期生,1302,FangShiHan,,
高崇,530385,海外练习生,67189830,,,海外练习生,SHY48 二期生,1601,GaoChong,20190415142323_gykqf54sq1ki7vz,
龚梦婷,530386,TEAM HIII,,,,SHY48,SHY48 二期生,1302,GongMengTing,,
逯芳竹,530387,TEAM HIII,,,,SHY48,SHY48 二期生,1302,LuFangZhu,,
王菲妍,530388,TEAM X,67189834,1115376,1312006,SNH48,SHY48 二期生,1004,WangFeiYan,20190415142331_0dsvn23l4z2y1wv,8757318
王睿琦,530390,TEAM X,67362328,1214150,1279498,SNH48,SHY48 二期生,1004,WangRuiQi,20190415142320_ao437cflbq5s0i5,8751867
张羽涵,530392,TEAM B,,,,BEJ48,SHY48 二期生,1101,ZhangYuHan,,
陈佳莹,530431,预备生,,,,GNZ48,GNZ48 二期生,1207,ChenJiaYing,,
陈俊宏,530433,TEAM G,,,,GNZ48,GNZ48 二期生,1201,ChenJunHong,,
陈乐添,530434,TEAM G,,,,GNZ48,GNZ48 二期生,1201,ChenLeTian,,
程一心,530435,TEAM G,,,,GNZ48,GNZ48 二期生,1201,ChengYiXin,,
方晓瑜,530436,TEAM G,,,,GNZ48,GNZ48 二期生,1201,FangXiaoYu,,
高雪逸,530439,TEAM C,67362340,1016836,1262755,CKG48,GNZ48 二期生,1401,GaoXueYi,20190415142408_sk15kfsl610tmy2,8756487
赖俊亦,530440,CKG48,,,,CKG48,GNZ48 二期生,1404,LaiJunYi,,
梁可,530443,IDFT,,,,IDFT,GNZ48 二期生,1501,LiangKe,,
刘小末,530444,TEAM G,,,,GNZ48,GNZ48 二期生,1201,LiuXiaoMo,,
唐诗怡,530446,TEAM NIII,,,,GNZ48,GNZ48 二期生,1202,TangShiYi,,
谢艾琳,530447,TEAM NIII,,,,GNZ48,GNZ48 二期生,1202,XieAiLin,,
张秋怡,530450,TEAM Z,,,,GNZ48,GNZ48 二期生,1203,ZhangQiuYi,,
郑悦,530451,TEAM NIII,,,,GNZ48,GNZ48 二期生,1202,ZhengYue,,
朱怡欣,530452,TEAM Z,67265514,1099633,1279521,GNZ48,GNZ48 二期生,1203,ZhuYiXin,20190415142417_efa3ixc0upq2z78,8752975
郭倩芸,530584,TEAM NII,,,,SNH48,SNH48 八期生,1002,GuoQianYun,,
陶波尔,533852,TEAM NII,,,,SNH48,SNH48 八期生,1002,TaoBoEr,,
文文,534729,TEAM HII,,,,SNH48,SNH48 八期生,1003,WenWen,,
沈小爱,538697,荣誉毕业生,67293956,1213751,1312191,SNH48,BEJ48 二期生,1009,ShenXiaoAi,20190415142345_9zwhpc416n2wa37,9470936
金莹玥,538735,TEAM NII,,9405764,11749332,SNH48,SNH48 八期生,1002,JinYingYue,20190415142342_4bs99ifq2c2dr5o,9217644
赵梦婷,540106,TEAM HII,,,,SNH48,SNH48 八期生,1003,ZhaoMengTing,,
林歆源,541132,预备生,,,,SNH48,SNH48 八期生,1007,LinXinYuan,,
CKG48,565225,,,,,官方,官方,,CKG48,,
贺苏堃,592320,TEAM XII,,,,SNH48,SNH48 八期生,1005,HeSuKun,,
许嘉怡,592348,TEAM XII,,,,SNH48,SNH48 八期生,1005,XuJiaYi,,
孙亚萍,593820,预备生,,,,SNH48,SNH48 八期生,1007,SunYaPing,,
葛佳慧,593999,TEAM NII,,,,SNH48,SNH48 八期生,1002,GeJiaHui,,
姜涵,594002,TEAM HII,,,,SNH48,SNH48 八期生,1003,JiangHan,,
王奕,594003,TEAM HII,67380608,951573,1230396,SNH48,SNH48 八期生,1003,WangYi,20190415142450_k15ohk2bj2kl4b2,11342780
熊沁娴,594005,IDFT,,,,IDFT,SNH48 八期生,1501,XiongQinXian,,
梁婉琳,601302,TEAM Z,67199629,1115201,1312648,GNZ48,GNZ48 三期生,1203,LiangWanLin,20190415142506_mjpsycs26muxhkj,18715288
马凡,606343,TEAM NII,,,,SNH48,SNH48 八期生,1002,MaFan,,
毕瑞珊,607507,TEAM Z,,,,GNZ48,GNZ48 三期生,1203,BiRuiShan,,
程子钰,607510,IDFT,,,,IDFT,GNZ48 三期生,1501,ChengZiYu,,
邓惠恩,607511,TEAM Z,67333149,1246464,1165185,GNZ48,GNZ48 三期生,1203,DengHuiEn,20190415142526_mhhari0ngquckjn,18718150
符冰冰,607513,TEAM G,67313897,1147922,1279906,GNZ48,GNZ48 三期生,1201,FuBingBing,20190415142504_je29xxldegz91p4,18703998
黄楚茵,607515,TEAM G,67390990,1246462,1165008,GNZ48,GNZ48 三期生,1201,HuangChuYin,20190415142532_z59rqsqmgmg99mw,18706927
何梦瑶,607516,TEAM Z,,,,GNZ48,GNZ48 三期生,1203,HeMengYao,,
罗可嘉,607521,TEAM G,67370588,951576,1230833,GNZ48,GNZ48 三期生,1201,LuoKeJia,20190415142523_dw63d8djxjyk599,18718155
林芝,607523,TEAM Z,67236669,1181235,1360936,GNZ48,GNZ48 三期生,1203,LinZhi,20190415142518_uec285dwhethixr,18706930
汪慕远,607524,预备生,,,,GNZ48,GNZ48 三期生,1207,WangMuYuan,,
吴羽霏,607591,TEAM G,67352339,1148714,1165012,GNZ48,GNZ48 三期生,1201,WuYuFei,20190415142512_v451d61n5gdcu2w,18718159
叶晓梦,607592,TEAM Z,,,,GNZ48,GNZ48 三期生,1203,YeXiaoMeng,,
余芷媛,607594,TEAM Z,,,,GNZ48,GNZ48 三期生,1203,YuZhiYuan,,
李彬玉,608995,TEAM SIII,,,,SHY48,SHY48 三期生,1301,LiBinYu,,
司珀琳,608997,TEAM Z,,,,GNZ48,SHY48 三期生,1203,SiPoLin,,
周佳怡,609001,IDFT,,,,IDFT,SHY48 三期生,1501,ZhouJiaYi,,
赵天杨,609002,荣誉毕业生,67342150,951569,1279285,SNH48,SHY48 三期生,1009,ZhaoTianYang,20190415142714_88wmnu7xaxcmth6,18033754
相望,610040,IDFT,,,,IDFT,SHY48 三期生,1501,XiangWang,,
唐霖,610042,BEJ48,,,,BEJ48,SHY48 三期生,1105,TangLin,,
柏欣妤,614528,TEAM NII,67275528,1148113,1230600,SNH48,CKG48 一期生,1002,BaiXinYu,20190415142610_jclxsq5c2lin20v,19838373
李恩锐,614725,TEAM C,,,,CKG48,CKG48 一期生,1401,LiEnRui,,
李姗姗,614727,TEAM G,67362351,1213756,1328185,GNZ48,CKG48 一期生,1201,LiShanShan,20190415142540_emwrrc65wqwot2x,19838372
雷宇霄,614728,TEAM C,67390996,1213761,1361137,CKG48,CKG48 一期生,1401,LeiYuXiao,20190415142632_27gmko9gu78den4,19848042
李泽亚,614729,TEAM C,,,,CKG48,CKG48 一期生,1401,LiZeYa,,
孟玥,614730,IDFT,,,,IDFT,CKG48 一期生,1501,MengYue,,
毛译晗,614731,CKG48,,,,CKG48,CKG48 一期生,1404,MaoYiHan,,
谯玉珍,614733,CKG48,,,,CKG48,CKG48 一期生,1404,QiaoYuZhen,,
冉蔚,614734,TEAM X,67333162,1181022,1360921,SNH48,CKG48 一期生,1004,RanWei,20190415142646_7uoi760y3bujkov,19834736
田倩兰,614735,CKG48,,,,CKG48,CKG48 一期生,1404,TianQianLan,,
陶菀瑞,614736,TEAM C,,,,CKG48,CKG48 一期生,1401,TaoWanRui,,
伍寒琪,614738,IDFT,,,,IDFT,CKG48 一期生,1501,WuHanQi,,
王梦竹,614739,IDFT,,3884907,4605374,IDFT,CKG48 一期生,1501,WangMengZhu,20190415142556_dafn2z4w8dg4w07,19837443
王娱博,614740,IDFT,,,,IDFT,CKG48 一期生,1501,WangYuBo,,
曾佳,614741,TEAM NIII,67380616,1115379,1230846,GNZ48,CKG48 一期生,1202,ZengJia,20190415142554_qxk2n4wavq47ki8,19844104
左欣,614742,CKG48,,,,CKG48,CKG48 一期生,1404,ZuoXin,,
周源,614743,TEAM C,,,,CKG48,CKG48 一期生,1401,ZhouYuan,,
艾芷亦,614749,TEAM K,,,,CKG48,CKG48 一期生,1402,AiZhiYi,,
刘弋菡,614750,CKG48,,,,CKG48,CKG48 一期生,1404,DengQian,,
樊曦月,614752,TEAM K,,,,CKG48,CKG48 一期生,1402,FanXiYue,,
郝婧怡,614753,TEAM HII,67236680,1148923,1360910,SNH48,CKG48 一期生,1003,HaoJingYi,20190415142643_021m06msuv8q31d,19847208
韩林芹,614754,IDFT,,,,IDFT,CKG48 一期生,1501,HanLinQin,,
黄琬璎,614755,IDFT,67303313,951792,1360961,IDFT,CKG48 一期生,1501,HuangWanYing,20190415142700_qqfeqgq70n5uuid,
林舒晴,614756,TEAM HII,67256384,1147916,1230390,SNH48,CKG48 一期生,1003,LinShuQing,20190415142543_14n9036lj2o57f0,19843742
李瑜璇,614757,TEAM B,,,,BEJ48,CKG48 一期生,1101,LiYuXuan,,
石勤,614758,TEAM K,,,,CKG48,CKG48 一期生,1402,ShiQin,,
田祯臻,614760,IDFT,,,,IDFT,CKG48 一期生,1501,TianZhenZhen,,
吴学雨,614761,CKG48,67199643,1181030,1361334,CKG48,CKG48 一期生,1404,WuXueYu,20190415142711_4nouco13mac2en3,19843746
夏文倩,614762,TEAM K,,,,CKG48,CKG48 一期生,1402,XiaWenQian,,
章宇阳,614770,TEAM K,,,,CKG48,CKG48 一期生,1402,ZhangYuYang,,
郑阳莹,614772,TEAM K,,,,CKG48,CKG48 一期生,1402,ZhengYangYing,,
赵泽慧,614773,TEAM C,67256391,1213957,1165030,CKG48,CKG48 一期生,1401,ZhaoZeHui,20190415142627_893moj85zsuc7q5,19837445
吴晶晶,614776,CKG48,67390993,,,CKG48,CKG48 一期生,1404,WuJingJing,,19843743
金鑫,617948,TEAM E,,,,BEJ48,BEJ48 三期生,1102,JinXin,,
程戈,618319,TEAM Z,,8111741,10191872,GNZ48,SHY48 三期生,1203,ChengGe,20190415142725_mak792pzjhv3v5x,21190935
李娜,623828,BEJ48,,,,BEJ48,BEJ48 三期生,1105,LiNa,,
李宗颐,623832,TEAM E,,,,BEJ48,BEJ48 三期生,1102,LiZongYi,,
何阳青青,624121,TEAM X,67390999,1181233,1164784,SNH48,BEJ48 三期生,1004,HeYangQingQing,20190415142722_9a29him7fmq4h96,21010986
李晨曦,624311,预备生,,,,GNZ48,GNZ48 四期生,1207,LiChenXi,,
舒湘,624312,IDFT,,,,IDFT,GNZ48 四期生,1501,ShuXiang,,
王梦媛,624313,预备生,,,,GNZ48,GNZ48 四期生,1207,WangMengYuan,,
徐佳音,624314,TEAM NIII,,,,GNZ48,GNZ48 四期生,1202,XuJiaYin,,
肖文静,624315,预备生,,,,GNZ48,GNZ48 四期生,1207,XiaoWenJing,,
张紫颖,624318,IDFT,,,,IDFT,GNZ48 四期生,1501,ZhangZiYing,,
杨鑫,652650,TEAM B,,,,BEJ48,BEJ48 三期生,1101,YangXin,,
周洁艺,652652,TEAM B,,,,BEJ48,BEJ48 三期生,1101,ZhouJieYi,,
青春大本营官博,654707,,67333170,,,官方,官方,,QingChunDaBenYingGuanBo,20190415142742_n6kuskbi1v53zcc,
陈盼,677395,TEAM HII,,,,SNH48,SNH48 九期生,1003,ChenPan,,
李美琪,677396,TEAM NII,,,,SNH48,SNH48 九期生,1002,LiMeiQi,,
李星羽,677397,TEAM X,,,,SNH48,SNH48 九期生,1004,LiXingYu,,
李玉倩,677398,预备生,,,,SNH48,SNH48 九期生,1007,LiYuQian,,
王溪源,677399,TEAM FT,,,,SNH48,SNH48 九期生,1006,WangXiYuan,,
王欣颜甜甜,677400,IDFT,67284484,1246465,1361339,IDFT,SNH48 九期生,1501,WangXinYanTianTian,20190415142904_bne0bfy30nt46j6,
杨令仪,677401,TEAM SII,,,,SNH48,SNH48 九期生,1001,YangLingYi,,
杨美琪,677402,IDFT,,,,IDFT,SNH48 九期生,1501,YangMeiQi,,
张茜,677403,TEAM NII,67370606,951571,1279481,SNH48,SNH48 九期生,1002,ZhangQian,20190415142918_w893lesc7i0x6d9,25426303
周诗雨,677404,TEAM NII,67275553,951572,1312199,SNH48,SNH48 九期生,1002,ZhouShiYu,20190415142910_vw8r04k1uytmml1,25474023
朱小丹,677405,TEAM SII,,,,SNH48,SNH48 九期生,1001,ZhuXiaoDan,,
张馨月,677406,TEAM FT,,,,SNH48,SNH48 九期生,1006,ZhangXinYue,,
陈俊羽,679448,TEAM SII,,,,SNH48,SHY48 三期生,1001,ChenJunYu,,
刁滢,679455,CKG48,,,,CKG48,SHY48 三期生,1404,DiaoYing,,
黄嘉怡,679459,IDFT,,,,IDFT,SHY48 三期生,1501,HuangJiaYi,,
李苏洪,679462,IDFT,67303319,1148121,1165201,IDFT,SHY48 三期生,1501,LiSuHong,20190415142823_rtahky6vs1wov3o,
王嘉瑜,679464,TEAM C,,9537179,11781650,CKG48,SHY48 三期生,1401,WangJiaYu,20190415142815_klus13hz4d28r9h,22537511
王雨兰,679466,BEJ48,,,,BEJ48,SHY48 三期生,1105,WangYuLan,,
朱敏,679467,IDFT,,,,IDFT,SHY48 三期生,1501,ZhuMin,,
戴紫薇,707365,IDFT,67380647,,,IDFT,CKG48 二期生,1501,DaiZiWei,20190415142941_znds4jlk69f40zj,
吴晓桐,707367,预备生,,,,CKG48,CKG48 二期生,1403,WuXiaoTong,,
魏小燕,707369,IDFT,67391014,1115382,1279938,IDFT,CKG48 二期生,1501,WeiXiaoYan,20190415142951_oxmpwuhsyzp91ye,
徐楚雯,707371,TEAM Z,67265540,1099630,1361120,GNZ48,CKG48 二期生,1203,XuChuWen,20190415142949_7b6i1221xpxquxg,25549473
徐慧玲,707372,TEAM G,,,,GNZ48,CKG48 二期生,1201,XuHuiLing,,
余梦露,707373,预备生,,,,CKG48,CKG48 二期生,1403,YuMengLou,,
邹冰清,707374,IDFT,345764122,951794,1312449,IDFT,CKG48 二期生,1501,ZouBingQing,20210201153256_91906ar7jxcp9w5,346654836
周桐冉,707375,IDFT,,,,IDFT,CKG48 二期生,1501,ZhouTongRan,,
付奕萱,711725,IDFT,,8717745,10896825,IDFT,BEJ48 四期生,1501,FuYiXuan,20190415142837_wl4og5hb6wseqw1,25374594
高蔚然,711726,TEAM Z,67189871,1148715,1312646,GNZ48,BEJ48 四期生,1203,GaoWeiRan,20190415142831_58etbwa8aqnlpnl,25451672
李清雨,711728,IDFT,,,,IDFT,BEJ48 四期生,1501,LiQingYu,,
楼澍,711730,TEAM J,,,,BEJ48,BEJ48 四期生,1103,LouShu,,
彭嘉敏,711732,TEAM SII,67207923,951784,1262701,SNH48,BEJ48 四期生,1001,PengJiaMin,20190415142856_9mras9rrdbngt72,25327214
曲美霖,711735,BEJ48,,,,BEJ48,BEJ48 四期生,1105,QuMeiLin,,
熊鑫,711739,BEJ48,,,,BEJ48,BEJ48 四期生,1105,XiongXin,,
杨宇馨,711741,TEAM NII,67275547,951786,1311988,SNH48,BEJ48 四期生,1002,YangYuXin,20190415142845_woogr8r27s1clnl,25461568
张丹丹,711745,TEAM E,,,,BEJ48,BEJ48 四期生,1102,ZhangDanDan,,
周湘,711746,TEAM E,67207922,1181234,1164574,BEJ48,BEJ48 四期生,1102,ZhouXiang,20190415142848_id79d6cw55qg35x,25442930
郭铱宁,722778,TEAM Z,,,,GNZ48,GNZ48 五期生,1203,GuoYiNing,,
梁娇,722780,TEAM G,67284489,1115200,1279911,GNZ48,GNZ48 五期生,1201,LiangJiao,20190415143019_rha433dvu4cxtt1,26707180
梁乔,722781,TEAM Z,67342180,1099631,1262747,GNZ48,GNZ48 五期生,1203,LiangQiao,20190415143022_qjym3414ws4ux11,26657866
门秀天,722782,IDFT,,,,IDFT,GNZ48 五期生,1501,MenXiuTian,,
谢菲菲,722784,TEAM Z,67352360,1853317,2000355,GNZ48,GNZ48 五期生,1203,XieFeiFei,20190415142957_qbf9u5132wfanc1,25749010
章泽婷,722787,IDFT,,,,IDFT,GNZ48 五期生,1501,ZhangZeTing,,
戚予珠,820988,TEAM HII,,,,SNH48,SNH48 十期生,1003,QiYuZhu,,
程宇璐,825969,BEJ48,,,,BEJ48,BEJ48 五期生,1105,ChengYuLu,,
李丽满,825996,TEAM E,,,,BEJ48,BEJ48 五期生,1102,LiLiMan,,
任蔓琳,831078,BEJ48,,,,BEJ48,BEJ48 五期生,1105,RenManLin,,
张敏淇,841312,IDFT,,,,IDFT,SNH48 十期生,1501,ZhangMinQi,,
SHY48星梦剧院,844552,,67189881,,,官方,官方,,SHY48XingMengJuYuan,20190415143011_gsq9mtd6e28559f,
袋王活动直播,846528,,67293999,,,官方,官方,,DaiWangHuoDongZhiBo,20190415143008_nfwfip007p3nggv,
曹露丹,867888,CKG48,,,,CKG48,CKG48 三期生,1404,CaoLouDan,,
方琪,867891,TEAM G,67322562,1148118,1230636,GNZ48,CKG48 三期生,1201,FangQi,20190415143030_ezb3ei8g3530b3n,58481225
郭爽,867892,TEAM HII,67275562,1016832,1230406,SNH48,CKG48 三期生,1003,GuoShuang,20190415143041_2li2azdox5ccy92,58309213
康兆薇,867894,IDFT,,,,IDFT,CKG48 三期生,1501,KangZhaoWei,,
彭榆涵,867895,TEAM C,67236697,951579,1246225,CKG48,CKG48 三期生,1401,PengYuHan,20190415143033_5a9uk5ncojh4b9w,58338917
田密,867896,IDFT,67189884,1016837,1312249,IDFT,CKG48 三期生,1501,TianMi,20190415143027_fl6hq638faocvwo,58377416
赵思雨,867899,IDFT,,,,IDFT,CKG48 三期生,1501,ZhaoSiYu,,
栾嘉仪,868349,TEAM NII,,,,SNH48,SNH48 十期生,1002,LuanJiaYi,,
周睿林,868351,TEAM NII,,,,SNH48,SNH48 十期生,1002,ZhouRuiLin,,
刘洁,868352,荣誉毕业生,67284493,1148921,1164773,SNH48,SNH48 十期生,1009,LiuJie,20190415143049_wiayb4t2ht3b2lt,59601083
鲁静萍,869171,TEAM X,,,,SNH48,SNH48 十期生,1004,LuJingPing,,
卞佳宁,874497,IDFT,67342194,951791,1361141,IDFT,SHY48 四期生,1501,BianJiaNing,20190415143112_kscip0pio9on2kg,
程一,874499,IDFT,,,,IDFT,SHY48 四期生,1501,ChengYi,,
冯嘉宝,874500,IDFT,67284494,1147927,1361335,IDFT,SHY48 四期生,1501,FengJiaBao,20190415143115_0nm13zomt3fhj1q,63304939
黄逸,874502,TEAM CII,2435351774,1492455,1721510,CGT48,SHY48 四期生,2101,HuangYi,20220831163852_qi6pcm7gtrw5l03,2248574546
刘宇晴,874505,IDFT,67352370,1148719,1279739,IDFT,SHY48 四期生,1501,LiuYuQing,20190415143123_8cu52u5wdesdpbe,63147326
尚官,874508,IDFT,,,,IDFT,SHY48 四期生,1501,ShangGuan,,
王秋茹,874512,TEAM SII,147264238,1115197,1345107,SNH48,SHY48 四期生,1001,WangQiuRu,20200109174548_85q3kutg0dhhrc2,161954294
邓熳慧,874693,TEAM NIII,,,,GNZ48,GNZ48 六期生,1202,DengManHui,,
叶舒淇,874696,TEAM Z,67380660,1213757,1230837,GNZ48,GNZ48 六期生,1203,YeShuQi,20190415143109_ouf3xerheflx0p6,61644507
鄢羽蝶,874698,IDFT,67265546,1099638,1377299,IDFT,GNZ48 六期生,1501,YanYuDie,20190415143131_gx721vlpsuqj0dm,63787130
张润,874701,TEAM NIII,67391027,1214152,1360942,GNZ48,GNZ48 六期生,1202,ZhangRun,20190415143106_1l7cm4ed6vtnqjq,61565785
武晓迪,874717,IDFT,,,,IDFT,SHY48 四期生,1501,WuXiaoDi,,
王永祺,874720,TEAM CII,1983874513,1213958,1361145,CGT48,SHY48 四期生,2101,WangYongQi,20220802141633_bt99g42xoxqmwqz,2001028551
王梓,874723,TEAM NIII,67391028,1147924,1230642,GNZ48,SHY48 四期生,1202,WangZi,20190415143117_cqqrfsh6oq76cfa,63129409
张瑾瑜,874726,IDFT,,,,IDFT,SHY48 四期生,1501,ZhangJinYu,,
颜沁,881190,TEAM NII,67256413,1213752,1279478,SNH48,SNH48 十一期生,1002,YanQin,20190415143052_63jcdgyuimvn4qh,59553648
李海淋,882638,IDFT,,,,IDFT,BEJ48 六期生,1501,LiHaiLin,,
张语倩,882642,IDFT,,,,IDFT,BEJ48 六期生,1501,ZhangYuQian,,
熊依依,895864,IDFT,,,,IDFT,BEJ48 六期生,1501,XiongYiYi,,
陈妮亚,39911921,CKG48,,,,CKG48,CKG48 四期生,1404,ChenNiYa,,
黄歆源,39911922,IDFT,,,,IDFT,CKG48 四期生,1501,HuangXinYuan,,
潘颖,39911923,CKG48,224670690,1099635,1360953,CKG48,CKG48 四期生,1404,PanYing,20200901180537_86386ao1d9ddf9w,224821256
闫娜,42402741,TEAM X,248619173,1246460,1360898,SNH48,SNH48 十四期生,1004,YanNa,20201106145706_tp008k4tdngpt0k,248749245
李星彦,42402769,TEAM X,,,,SNH48,SNH48 十四期生,1004,LiXingYan,,
邓歆玥,42402792,TEAM X,,,,SNH48,SNH48 十四期生,1004,DengXinYue,,
曲晨语,42402830,TEAM X,,,,SNH48,SNH48 十四期生,1004,QuChenYu,,
陆叶卉,42402868,TEAM SII,,,,SNH48,SNH48 十四期生,1001,LuYeHui,,
卞楚娴,42402886,TEAM SII,,,,SNH48,SNH48 十四期生,1001,BianChuXian,,
吕曼菲,42402897,TEAM NIII,,,,GNZ48,GNZ48 八期生,1202,LvManFei,,
刘晨雪,42402908,TEAM SII,,,,SNH48,SNH48 十四期生,1001,LiuChenXue,,
谢慧先,42402919,预备生,,,,GNZ48,GNZ48 八期生,1207,XieHuiXian,,
冯雨停,42402920,TEAM SII,,,,SNH48,SNH48 十四期生,1001,FengYuTing,,
陈蓁蓁,45285669,TEAM B,261502235,1181024,1312627,BEJ48,BEJ48 九期生,1101,ChenZhenZhen,20201208135207_k46mfva6fg3tzcn,262927035
范璐元,45285672,BEJ48,,,,BEJ48,BEJ48 九期生,1105,FanLuYuan,,
胡雪迎,45285674,BEJ48,,,,BEJ48,BEJ48 九期生,1105,HuXueYing,,
黄妍菲,45285677,BEJ48,,,,BEJ48,BEJ48 九期生,1105,HuangYanFei,,
黄怡慈,45285682,TEAM B,261502245,951575,1360927,BEJ48,BEJ48 九期生,1101,HuangYiCi,20201208142539_6m2kpvonc8rsjs6,262900733
黄宣绮,45285685,TEAM B,261498409,1115198,1247180,BEJ48,BEJ48 九期生,1101,HuangXuanQi,20201208142539_9txncyqauq1yjtf,262898906
唐晨葳,45285691,BEJ48,261507061,1016833,1230625,BEJ48,BEJ48 九期生,1105,TangChenWei,20201208142539_61t64gxabrmcm80,262906788
张宸祎,45285698,TEAM B,261489779,1148712,1164978,BEJ48,BEJ48 九期生,1101,ZhangChenYi,20201208142539_885zre3s2exetfo,262958689
赵嘉丽,45285702,BEJ48,,,,BEJ48,BEJ48 九期生,1105,ZhaoJiaLi,,
姜欣瑶,52494479,IDFT,387978713,1099636,1279529,IDFT,GNZ48 九期生,1501,JiangXinYao,20210506162958_350utut1hz1hzst,388398090
江雨航,52494482,IDFT,381012316,1213955,1164582,IDFT,GNZ48 九期生,1501,JiangYuHang,20210420173157_b9iafwij2mvm58j,382284342
吕思琪,52494485,TEAM NIII,,8668709,11061090,GNZ48,GNZ48 九期生,1202,LvSiQi,20210425160656_5mg2mw855d4oe4b,384280615
王琰,52494487,预备生,,,,GNZ48,GNZ48 九期生,1207,WangYan,,
郑奕雯,52494490,预备生,,,,GNZ48,GNZ48 九期生,1207,ZhengYiWen,,
林佳怡,54526093,TEAM X,377992915,1213753,1279495,SNH48,SNH48 十五期生,1004,LinJiaYi,20210412201403_ubbqatt4wuyrkh6,378291135
武博涵,54526095,TEAM X,377987247,1099628,1115489,SNH48,SNH48 十五期生,1004,WuBoHan,20210412201347_vv2m2n3w5pu3030,378357411
禹佳蔚,54526097,TEAM X,377982661,1148710,1164563,SNH48,SNH48 十五期生,1004,YuJiaWei,20210412201327_927k6ulr1asmds9,378299581
张冉冉,54526098,预备生,,,,SNH48,SNH48 十五期生,1007,ZhangRanRan,,
张诗芸,54526100,TEAM HII,377983628,1148114,1345321,SNH48,SNH48 十五期生,1003,ZhangShiYun,20210412201246_elxwd0dk5p37prc,378087593
张月铭,54526102,TEAM HII,377988067,1115375,1312211,SNH48,SNH48 十五期生,1003,ZhangYueMing,20210412201224_22sloacwls14p8i,378385638
陈泓宇,57737429,TEAM G,396390530,1246461,1279905,GNZ48,GNZ48 十期生,1201,ChenHongYu,20210531123930_oorm9i4q0nqbh0l,396559479
周培溪,57737430,TEAM Z,396394228,1214153,1279719,GNZ48,GNZ48 十期生,1203,ZhouPeiXi,20210531124028_7hrfz8t40qgh13y,396751583
项宇婧,57737478,TEAM NIII,,4228256,4703879,GNZ48,GNZ48 十期生,1202,XiangYuJing,20210531134105_0pk94tu2sm2afa4,396759042
陆婷玉,58785983,丝芭影视,402672067,1213974,1279560,丝芭影视,丝芭影视,2001,LuTingYu,20210616115438_jqr9gj94s4s47wp,403157347
熊紫轶,64422010,TEAM X,442998267,1099629,1312220,SNH48,SNH48 十六期生,1004,XiongZiYi,20210915125947_kl613114d31806p,443384919
王依柳,64422016,TEAM X,442997428,1213755,1164990,SNH48,SNH48 十六期生,1004,WangYiLiu,20210915130009_5obg0o6g7tyuvdo,443375776
芦馨怡,64487703,TEAM SII,443004994,1148920,1230378,SNH48,SNH48 十六期生,1001,LuXinYi,20210915130029_dvw83qxuiw4n9kh,443715214
朱涵佳,64487705,TEAM SII,442998283,1213948,1279284,SNH48,SNH48 十六期生,1001,ZhuHanJia,20210915130047_eechqzjprm7p8hn,443112140
贝楚涵,64487708,TEAM SII,443003991,1213749,1279274,SNH48,SNH48 十六期生,1001,BeiChuHan,20210915130111_8eegz744wubcg1w,443107128
朱瑞缘,69861644,TEAM C,464171024,1164289,1312244,CKG48,CKG48 五期生,1401,ZhuRuiYuan,20211205184533_34epa6nsfz1mlen,464223129
陈颍琳,69861648,CKG48,464177860,1197580,1295607,CKG48,CKG48 五期生,1404,ChenYingLin,20211205183705_l1efxzyo9t2k64i,464217438
骆羽庭,69861654,TEAM C,464239899,1115380,1312435,CKG48,CKG48 五期生,1401,LuoYuTing,20211205184050_483f7q843r36ejc,464189305
张帆,69861660,CKG48,464194599,1147926,1279528,CKG48,CKG48 五期生,1404,ZhangFan,20211205183656_fpy184827ex3kcw,464202451
刘宇婷,69861663,CKG48,,,,CKG48,CKG48 五期生,1404,LiuYuTing,,
谢金男,69861665,CKG48,464191729,,,CKG48,CKG48 五期生,1404,XieJinNan,20211205183657_b5uva998swptzib,464202443
付美善,69861666,TEAM C,464193385,1099634,1262754,CKG48,CKG48 五期生,1401,FuMeiShan,20211205183431_fl38zrtq66kairc,464236172
郭晓盈,70385972,TEAM E,668845413,951787,1345130,BEJ48,BEJ48 十期生,1102,GuoXiaoYing,20220122223213_7hp4yodbs3as62g,669206250
韩雪,70385975,BEJ48,668829484,1213953,1361906,BEJ48,BEJ48 十期生,1105,HanXue,20220122222422_k9hp16btv0ulp7d,668828878
李思奥,70385982,BEJ48,668812685,1148924,1164566,BEJ48,BEJ48 十期生,1105,LiSiAo,20220122222635_o9njuvi8beuffh0,669009760
林滢,70385987,BEJ48,,,,BEJ48,BEJ48 十期生,1105,LinYing,,
王思奕,70385989,TEAM E,668730543,1147921,1165002,BEJ48,BEJ48 十期生,1102,WangSiYi,20220122222525_bntf6v2vot8cz1l,668960494
王言蹊,70385991,BEJ48,668812879,,,BEJ48,BEJ48 十期生,1105,WangYanQi,20220122222915_w7pmj6vn27ri869,669124538
朱虹蓉,70385998,TEAM E,668812898,1115378,1361909,BEJ48,BEJ48 十期生,1102,ZhuHongRong,20220122223018_l7z134jdcy0ixcq,669189359
黄汝彤,71500014,TEAM NIII,1104987861,1181236,1246214,GNZ48,GNZ48 十一期生,1202,HuangRuTong,20220416110239_vt2al53l38qj2x5,1108116916
惠煜轩,71500016,预备生,1001456798,951790,1230648,GNZ48,GNZ48 十一期生,1207,HuiYuXuan,20220403215938_5mzga3wpapw727c,1002342131
林恩同,71500018,TEAM G,1019856837,1181029,1230649,GNZ48,GNZ48 十一期生,1201,LinEnTong,20220405222702_qew8ki0enie7v53,1344259875
雷淑怡,71500020,预备生,1159317111,1213760,1361327,GNZ48,GNZ48 十一期生,1207,LeiShuYi,20220416115336_y6zvt055rymuqhf,1245480953
罗恩妮,72811098,CKG48,,,,CKG48,CKG48 五期生,1404,LuoEnNi,,
彭含灵,81199151,CKG48,1482409146,1213762,1361331,CKG48,CKG48 五期生,1404,PengHanLing,20220524012839_i2qbwdxmpw65f2u,1483523641
吴睿莎,83099892,TEAM B,1764607240,1148711,1345335,BEJ48,BEJ48 十一期生,1101,WuRuiSha,20220706191038_o8crvcft0t23zor,1780991004
朱力维,83099897,BEJ48,,,,BEJ48,BEJ48 十一期生,1105,ZhuLiWei,,
陆靖婷,83231314,TEAM NIII,1696941858,1115202,1328205,GNZ48,GNZ48 十二期生,1202,LuJingTing,20220628191742_bikisryde9kw1ys,1697203554
刘小涵,87622891,TEAM X,2435418049,1639431,1672569,SNH48,SNH48 十七期生,1004,LiuXiaoHan,20220831021109_g54euvz5ti870nm,2195735816
吕相宜,87622902,TEAM X,2435418051,1607114,1623483,SNH48,SNH48 十七期生,1004,LvXiangYi,20220831021236_i33lo1im7ui8q5k,2195506932
张文婷,87622911,预备生,2435401034,1459676,1737996,SNH48,SNH48 十七期生,1007,ZhangWenTing,20220831021323_124l80l5teq9cp4,2196407471
占迪,89587917,预备生,2435253887,1901836,1901859,SNH48,SNH48 十七期生,1007,ZhanDi,20220929173847_0or8oghlp4g426j,2413709266
施未希,89587920,预备生,2435336134,1803475,1968105,SNH48,SNH48 十七期生,1007,ShiWeiXi,20220929173810_wrri4mexawur5h0,2413299282
陈淑钰,89653427,TEAM G,4344137649,2262617,2557117,GNZ48,GNZ48 十三期生,1201,ChenShuYu,20221009033228_oqhltur64imxkh3,2459617057
郭兆媛,89653428,TEAM CII,4344170091,2164051,2426251,CGT48,GNZ48 十三期生,2101,GuoZhaoYuan,20221009033432_rf8bxeh8ts9fx8e,2459584453
何林燕,89653435,TEAM CII,4344235110,2262998,2541543,CGT48,GNZ48 十三期生,2101,HeLinYan,20221009033448_901ubxjkc58pmz4,2465597296
黄艺暄,89653437,TEAM CII,2459191099,1689005,2016268,CGT48,GNZ48 十三期生,2101,HuangYiXuan,20221009033526_yso7kzab579de7l,2700100781
刘欣媛,89653441,TEAM G,4344202686,2327846,2574259,GNZ48,GNZ48 十三期生,1201,LiuXinYuan,20221009033806_45tl9hnugityv8c,2465564370
林奕希,89653445,TEAM G,4344169994,2148087,2606784,GNZ48,GNZ48 十三期生,1201,LinYiXi,20221009033825_c7o515ro89v44zo,2465597285
马可悦,89653450,TEAM CII,4344235122,2426434,2590626,CGT48,GNZ48 十三期生,2101,MaKeYue,20221009033843_7jann56rk1vdxrd,2459534574
蒙晓丽,89653453,TEAM CII,4344202785,2426435,2622735,CGT48,GNZ48 十三期生,2101,MengXiaoLi,20221009033906_nahipu95uumeqwi,2459944884
秦露丹,89653457,TEAM CII,4344202581,2295536,2491667,CGT48,GNZ48 十三期生,2101,QinLouDan,20221009033927_2zh5ee0pv58x8lo,2465465662
邱刘佳,89653461,TEAM CII,4344202699,2262618,2606392,CGT48,GNZ48 十三期生,2101,QiuLiuJia,20221009033953_nfs492zpka1iys3,2459960536
宋筱璐,89653462,TEAM CII,4344153164,2229297,2754411,CGT48,GNZ48 十三期生,2101,SongXiaoLu,20221009034014_e83u77ykme3es9i,2465940713
申雨鑫,89653465,TEAM CII,4344170079,2328251,2754248,CGT48,GNZ48 十三期生,2101,ShenYuXin,20221009034038_whb5jqm27yeghn0,2459977331
谭思慧,89653513,TEAM CII,4344170193,2262216,2769985,CGT48,GNZ48 十三期生,2101,TanSiHui,20221009034056_idr46zdqlz1pk21,2459912003
王语晨,89653517,TEAM NIII,4344202809,2278592,2541547,GNZ48,GNZ48 十三期生,1202,WangYuChen,20221009034119_vynj56ve0qs66sr,2466022879
夏莹,89653520,TEAM CII,4344153264,2344009,2688374,CGT48,GNZ48 十三期生,2101,XiaYing,20221009034148_0l0nq8e48ry7jbc,2465990576
许雅兰,89653525,TEAM CII,4344235143,2197175,2720929,CGT48,GNZ48 十三期生,2101,XuYaLan,20221009034214_as0otizmupa6x8f,2465973263
叶溁语,89653527,TEAM Z,4344153407,2328252,2655881,GNZ48,GNZ48 十三期生,1203,YeYingYu,20221009034236_pfby5dfi0noitx0,2459977432
钟洁玟,89653528,TEAM CII,4344202918,2295537,2655671,CGT48,GNZ48 十三期生,2101,ZhongJieWen,20221009034303_q03d9937tj39mkv,2459960480
周是汝,89653530,TEAM CII,4344235537,2312098,2770185,CGT48,GNZ48 十三期生,2101,ZhouShiRu,20221009034324_3d1dyp7kcaeu0st,2465925093
张芷欣,89653537,预备生,4344153400,2196977,2574091,CGT48,GNZ48 十三期生,2103,ZhangZhiXin,20221009034345_cd33lffrq7h09q1,2465940501
马欣宇,95552277,TEAM E,4344235332,2901484,3507494,BEJ48,BEJ48 十二期生,1102,MaXinYu,20230114205958_x73aalldlf6sv1m,3130623118
郑照暄,95552291,TEAM B,4344153480,2803371,3491148,BEJ48,BEJ48 十二期生,1101,ZhengZhaoXuan,20230114210025_kud8mzko4wgin0b,3130623265
高梓萌,100073653,BEJ48,4344185952,4818677,5637695,BEJ48,BEJ48 十二期生,1105,GaoZiMeng,20230408001602_7ct2yzp1jjai776,4003513662
聂渝景,100073654,TEAM B,4344185965,4884312,5850577,BEJ48,BEJ48 十二期生,1101,NieYuJing,20230408001623_tc5os3p724arkpe,4003366894
庄雅雯,100073656,TEAM E,4344186000,4769395,5670016,BEJ48,BEJ48 十二期生,1102,ZhuangYaWen,20230408001642_6p97vvm7h3o2wni,4003645243
李歆乐,103350419,TEAM E,,5359579,6423647,BEJ48,BEJ48 十二期生,1102,LiXinLe,20230514175250_1yowdosbpzxuyku,4403529539
朱一柠,103350420,TEAM B,,5457150,6407902,BEJ48,BEJ48 十二期生,1101,ZhuYiNing,20230514175250_n03y6g29g5m02jn,4403512650
卢晨昕,103679154,预备生,4344251760,5080426,6260545,SNH48,SNH48 十八期生,1007,LuChenXin,20230504181400_tlnc390hi8jt6z9,4245243861
李虞龙若,103679162,TEAM HII,4344186101,5277545,6276106,SNH48,SNH48 十八期生,1003,LiYuLongRuo,20230504181416_34l5htpoy4bwd5p,4246669254
温若其,103679163,TEAM HII,4344235700,5310065,6276505,SNH48,SNH48 十八期生,1003,WenRuoQi,20230504181437_hyoyewjte0fanfv,4263151137
许佳佳,103679165,TEAM NII,4344203140,5309666,6293265,SNH48,SNH48 十八期生,1002,XuJiaJia,20230504181453_0c1j2l4bee6gz6x,4253484459
尤可莹,103679169,TEAM HII,4344251949,5293105,6194906,SNH48,SNH48 十八期生,1003,YouKeYing,20230504181513_2p3v7n2lnv1lszf,4244785036
杨心渝,103679171,TEAM SII,4344186091,5342585,6129467,SNH48,SNH48 十八期生,1001,YangXinYu,20230504181527_vm1wa5u4gcjjpmh,4254385728
周童玥,103679173,TEAM SII,4344186207,5310265,6194706,SNH48,SNH48 十八期生,1001,ZhouTongYue,20230504181540_zr9ndtjbvpmtt0m,4245538563
张怡婷,103679182,TEAM X,4344218855,5325825,6194907,SNH48,SNH48 十八期生,1004,ZhangYiTing,20230504181553_a15sx01uuw0u4dj,4244997187
陈珊玲,103940353,TEAM Z,4344203179,5326477,6112968,GNZ48,GNZ48 十四期生,1203,ChenShanLing,20230506184724_7k7x4m4mosgxijh,4281287782
荣子彤,103940355,预备生,4344235802,5375361,6194561,GNZ48,GNZ48 十四期生,1207,RongZiTong,20230506184742_b6v8q4ltv3dqeu0,4280731370
陶慧,103940359,预备生,4344252245,5260633,6194366,GNZ48,GNZ48 十四期生,1207,TaoHui,20230506184804_u44n5fne5jd7hu9,4281255785
CGT48,105578951,,,,,官方,官方,,CGT48,,
程妤涵,105709986,TEAM GII,,5948568,7095393,CGT48,CGT48 一期生,2102,ChengYuHan,20230602185645_bp4i3e8uhdzny8o,4511925628
何蔡娴,105709987,TEAM GII,,5948569,7095802,CGT48,CGT48 一期生,2102,HeCaiXian,20230602185646_7mv0ovzr0w7dos4,4512221026
何梦迪,105709989,TEAM GII,,5932807,7014193,CGT48,CGT48 一期生,2102,HeMengDi,20230602185646_o4fvju2x9gl95f6,4512777596
何渝欣,105709993,TEAM GII,,5916657,6964541,CGT48,CGT48 一期生,2102,HeYuXin,20230602185646_14y9ydn4prckqyv,4512106163
林海盈,105709997,TEAM GII,,5899297,6932016,CGT48,CGT48 一期生,2102,LinHaiYing,20230602185646_l54gozvs1bpq92g,4513350677
雷相菊,105710002,TEAM GII,,6014213,7096198,CGT48,CGT48 一期生,2102,LeiXiangJu,20230602185646_59n6r11zt2xur61,4512106245
雷薪梦,105710010,TEAM GII,,5834259,6965135,CGT48,CGT48 一期生,2102,LeiXinMeng,20230602185646_jcz6wbhnttuycdo,7544522091
袁艺洁,105710012,TEAM GII,,5867179,7046528,CGT48,CGT48 一期生,2102,YuanYiJie,20230602185646_nsrd1r7783ib178,4512761331
徐钰涵,105710014,TEAM GII,,5850210,6981092,CGT48,CGT48 一期生,2102,XuYuHan,20230602185646_337yul195462xc3,4521625420
王艺霖,105710015,TEAM GII,,5932227,6932209,CGT48,CGT48 一期生,2102,WangYiLin,20230602185647_zzyonqfz6l8v11v,4512384734
齐灵泉,105710019,TEAM GII,,5916460,7095600,CGT48,CGT48 一期生,2102,QiLingQuan,20230602185647_50b803i9pviyo9i,4512040885
王依,105710021,TEAM GII,,5833861,7079636,CGT48,CGT48 一期生,2102,WangYi,20230602185647_cu53ah0mwzohm1u,4513301549
任烨彦,105710022,TEAM GII,,5866980,6866365,CGT48,CGT48 一期生,2102,RenYeYan,20230602185647_8ifx14htjjrigb2,4512728744
谭勇航,105710026,TEAM GII,,5883730,7014194,CGT48,CGT48 一期生,2102,TanYongHang,20230602185647_u9ik8yh0dfzpzct,4513072329
陈韵佳,105710061,TEAM K,,5916053,7079249,CKG48,CKG48 六期生,1402,ChenYunJia,20230602203833_7h7t1n5tls8y0i3,4512532082
胡丹,105710067,TEAM K,,5981509,7029773,CKG48,CKG48 六期生,1402,HuDan,20230602203833_z6e3oimzdtz9vc8,4512777388
何馨曼,105710072,TEAM K,,5752250,7046915,CKG48,CKG48 六期生,1402,HeXinMan,20230602203833_fqin9appy25p945,4511679951
姬梦真,105710077,TEAM K,,5850421,7046717,CKG48,CKG48 六期生,1402,JiMengZhen,20230602203833_c8265mp0k78ccey,4512400420
卢美廷,105710082,TEAM K,,5850825,7062704,CKG48,CKG48 六期生,1402,LuMeiTing,20230602203833_jhoc8z5bt6g3vk5,4512122690
刘星雨,105710086,TEAM K,,6046942,7030562,CKG48,CKG48 六期生,1402,LiuXingYu,20230602203834_5mm1tew45g3m41p,4511762001
马星月,105710089,TEAM K,,5900098,7079461,CKG48,CKG48 六期生,1402,MaXingYue,20230602203834_300s552ljuk4aj0,4511991471
彭夕株,105710094,IDFT,,5883527,6981288,IDFT,CKG48 六期生,1501,PengXiZhu,20230602203834_j0etxuh6khgultl,4511859878
吴志越,105710098,TEAM K,,5932619,7063473,CKG48,CKG48 六期生,1402,WuZhiYue,20230602203834_04o16yzxqkxb3eo,4512351870
杨添淩,105710107,IDFT,,6014424,6866770,IDFT,CKG48 六期生,1501,YangTianLing,20230602203834_vivqbvhywy38lsb,4512433656
张莉莉,105710113,TEAM K,,6014215,7079026,CKG48,CKG48 六期生,1402,ZhangLiLi,20230602203834_9w8zbjgw2doe91f,4512450518
张思妍,105710121,TEAM K,,5882937,7046918,CKG48,CKG48 六期生,1402,ZhangSiYan,20230602203834_gvu458zd9t91mby,4512810885
张伟依,105710127,TEAM K,,5932809,7096006,CKG48,CKG48 六期生,1402,ZhangWeiYi,20230602203834_7s2qv3kqkjcr38k,4512499624
张咏烨,105710135,TEAM K,,5818295,7095603,CKG48,CKG48 六期生,1402,ZhangYongYe,20230602203834_e44mt7pebtr5lop,4512023703
程宝玉,105710357,TEAM GII,,5932621,7079463,CGT48,CGT48 一期生,2102,ChengBaoYu,20230602223449_pw9lahtd3sdcrqh,4522051148
吴云,105710368,TEAM GII,,5866981,7079643,CGT48,CGT48 一期生,2102,WuYun,20230602223449_568mai09e0334ao,4523181511
张钰叶,105710390,TEAM K,,5915660,7046532,CKG48,CKG48 六期生,1402,ZhangYuYe,20230602223449_259wud9b52908l6,4521837726
阿丽米热,112525372,预备生,,8882149,13960564,BEJ48,BEJ48 十三期生,1104,ALiMiRe,20230927122508_y6a7e28atr59r3b,5695752187
陈枳霏,112525375,TEAM E,,8635743,11257562,BEJ48,BEJ48 十三期生,1102,ChenZhiFei,20230927122508_q1b9q2iuni4q9ev,5695816983
刁昕妤,112525376,TEAM E,,8619361,11339561,BEJ48,BEJ48 十三期生,1102,DiaoXinYu,20230927122508_66wh81dq73m4x79,5695784674
高予瑾,112525377,TEAM B,,8652089,11289676,BEJ48,BEJ48 十三期生,1101,GaoYuJin,20230927122508_amleqwcdzz32wrj,5687248590
孟清渝,112525381,TEAM B,,8652292,11241399,BEJ48,BEJ48 十三期生,1101,MengQingYu,20230927122508_tmu2dd7v724us1y,5687297244
沈祉含,112525382,TEAM B,,8717914,11339161,BEJ48,BEJ48 十三期生,1101,ShenZhiHan,20230927122509_z5gmif3jjrrurvp,5687281243
孙嘉馥,112525384,TEAM E,,8800110,11191530,BEJ48,BEJ48 十三期生,1102,SunJiaFu,20230927122509_biw9gn4lew0s9jy,5695833820
王祉依,112525388,TEAM B,,8718321,11043853,BEJ48,BEJ48 十三期生,1101,WangZhiYi,20230927122509_wb7ea7n7qsfcbkx,5687248243
袁涵,112525391,TEAM E,,8815869,11225054,BEJ48,BEJ48 十三期生,1102,YuanHan,20230927122509_m60g7b6pw2167gq,5695833764
张歆如,112525394,TEAM B,,8734301,11224641,BEJ48,BEJ48 十三期生,1101,ZhangXinRu,20230927122509_3zkwoq6vlxo5f6g,5687248594
丁嘉欣,113443103,TEAM Z,,9028787,11110365,GNZ48,GNZ48 十五期生,1203,DingJiaXin,20230930143149_4ibh5lw1fngksyu,5780359112
林家谊,113443132,TEAM G,,8767215,11208320,GNZ48,GNZ48 十五期生,1201,LinJiaYi,20230930143149_6xp1s69t6d95v3t,9070167540
孙毓园,113443134,预备生,,8652699,11208129,GNZ48,GNZ48 十五期生,1207,SunYuYuan,20230930143149_397ff52cy7u4t5y,5780375385
王珺,113443135,TEAM NIII,,8881555,11322816,GNZ48,GNZ48 十五期生,1202,WangJun,20230930143150_10gzi629871wmfu,5780178730
谢晓倩,113443136,TEAM NIII,,9028788,11191555,GNZ48,GNZ48 十五期生,1202,XieXiaoQian,20230930143150_zs6qul8bmmeo5iu,5786420477
石梦湲,113443137,TEAM C,,8603007,11338787,CKG48,CKG48 七期生,1401,ShiMengYuan,20230930143150_3s8h901p4erb7q7,5720491452
谭景文,113443141,TEAM C,,8881553,11273343,CKG48,CKG48 七期生,1401,TanJingWen,20230930143150_lddvjhqy2a9jzf4,5720556992
王思予,113443142,TEAM C,,8652696,11257172,CKG48,CKG48 七期生,1401,WangSiYu,20230930143150_fulr1s18ae5szmx,
梁怀方,113575079,TEAM HII,,8832661,11257174,SNH48,SNH48 十九期生,1003,LiangHuaiFang,20231001000630_xolg89hdjngpw1l,5738431906
唐程成,113575089,TEAM NII,,8963151,11404587,SNH48,SNH48 十九期生,1002,TangChengCheng,20231001000631_lznzb95pxi9y91i,5737120856
王悦垚,113575092,TEAM X,,8652493,11273940,SNH48,SNH48 十九期生,1004,WangYueYao,20231001000631_13thu3ab77echs2,5748196794
王紫澍,113575097,预备生,,8865605,11208315,SNH48,SNH48 十九期生,1007,WangZiShu,20231001000631_dsfagydz4k6uaxy,5788189750
叶凡,113575101,TEAM NII,,8815699,11274137,SNH48,SNH48 十九期生,1002,YeFan,20231001000631_2a1uo0736qxj0o8,5738153929
张倩,113575106,TEAM SII,,8996471,11143084,SNH48,SNH48 十九期生,1001,ZhangQian,20231001000631_001ygv4v9q8nc79,5738186306
陈萧扬,115343491,TEAM C,,9209212,11699832,CKG48,CKG48 七期生,1401,ChenXiaoYang,20231029165757_gifx20x9l8lxtb0,5984617728
胡思颖,115343492,TEAM K,,9094216,11879543,CKG48,CKG48 七期生,1402,HuSiYing,20231029165822_6kxxr9g5exh2ous,5984847398
林丹蕾,115343493,TEAM C,,9307736,11831083,CKG48,CKG48 七期生,1401,LinDanLei,20231029165904_8t087p1k3evo4lk,5984929094
申家璐,115343494,预备生,,9438621,12044141,CKG48,CKG48 七期生,1405,ShenJiaLu,20231029165842_datx8tud2jgusbc,5985338439
张瀚引,115671365,预备生,,9225417,12059750,SNH48,SNH48 十九期生,1007,ZhangHanYin,20231101205619_tbm0p2cl1r0y1an,6036063993
丁子钦,118423773,TEAM E,,10405469,13830099,BEJ48,BEJ48 十三期生,1102,DingZiQin,20231224164240_7ih96y85a9nahag,6465324539
焦玥,118489333,TEAM Z,,10421385,13747865,GNZ48,GNZ48 十六期生,1203,JiaoYue,20231215215615_luxtgp6t9c85abx,6392890702
李咏薇,118489334,TEAM NIII,,10421585,13861988,GNZ48,GNZ48 十六期生,1202,LiYongWei,20231215215615_woqkleqv5mfzvj1,6392825278
兰雅心,118489336,IDFT,,10421785,13829665,IDFT,CGT48 二期生,1501,LanYaXin,20231215215615_0br82lz3tj2gb16,
梅思华,118489338,TEAM CII,,10405826,13878946,CGT48,CGT48 二期生,2101,MeiSiHua,20231215215615_qfp6swp68y900q1,6393054681
徐钰清,118489339,TEAM CII,,10503986,13796748,CGT48,CGT48 二期生,2101,XuYuQing,20231215215616_zdsn8s9w1vyh8k7,6392956785
张羽多,118489340,TEAM CII,,10470665,13796946,CGT48,CGT48 二期生,2101,ZhangYuDuo,20231215215616_u14uel5ulv148wp,6392907063
张咏琪,118489341,预备生,,10470865,13879145,CGT48,CGT48 二期生,2103,ZhangYongQi,20231215215616_1eukdcbmuga69xo,6392907211
马蕴珊,123011508,TEAM B,,12141705,15992124,BEJ48,BEJ48 十四期生,1101,MaYunShan,20240310170237_86b79oehbh9d2yr,7193036456
马丹旎,124518603,IDFT,,12535051,16582175,IDFT,CGT48 二期生,1501,MaDanNi,20240316161533_88sgj210n3wsrnk,7249954137
陈真允一,124584289,TEAM HII,,12682288,16663970,SNH48,SNH48 二十期生,1003,ChenZhenYunYi,20240316161638_30beazthfb3z475,7251002784
罗颍宸,124584293,预备生,,12666330,16647210,SNH48,SNH48 二十期生,1007,LuoYingChen,20240316161804_5p7hlgk9el07or5,
吴欣怡,124584295,预备生,,12518888,16598327,SNH48,SNH48 二十期生,1007,WuXinYi,20240316161829_7t1rf2sve86xjwp,7252297392
夏奕欣,124584297,预备生,,12469811,16549468,SNH48,SNH48 二十期生,1007,XiaYiXin,20240316161711_v5rj3069zvm6er8,7251510506
张曼妮,124584300,预备生,,12519099,16663576,SNH48,SNH48 二十期生,1007,ZhangManNi,20240316161739_k9gaxns8m2fu257,
温冰冰,124584304,预备生,,12567766,16549254,SNH48,SNH48 二十期生,1007,WenBingBing,20240316161855_athmvjo5ehkbitr,
陈艺,126681220,TEAM B,,13698749,18368388,BEJ48,BEJ48 十四期生,1101,ChenYi,20240427112435_l496nbxn3adz5dl,7655802458
袁希璨,127533255,TEAM K,,13633532,18319144,CKG48,CKG48 八期生,1402,YuanXiCan,20240501201807_twcyl295gv5clao,
姚锦杰,127533256,TEAM C,,13583848,18416896,CKG48,CKG48 八期生,1401,YaoJinJie,20240501201909_hw85wq8j3yfjs0q,7697729124
陈芷晴,128057653,预备生,,14354385,19137705,SNH48,SNH48 二十期生,1007,ChenZhiQing,20240508175549_bibnody5vkzot99,7767426405
潘力帼,128057655,预备生,,14550315,19072066,SNH48,SNH48 二十期生,1007,PanLiGuo,20240508175615_3t9dwkw7ri6upr5,7767295999
孔渊,128581633,TEAM G,,14731076,19482486,GNZ48,GNZ48 十六期生,1201,KongYuan,20240517141008_ck7lqadler764oi,7855802220
梁子瑄,128581634,预备生,,14550315,19580433,GNZ48,GNZ48 十六期生,1207,LiangZiXuan,20240517141008_0f0y4pcqw5pqg9g,7855801367
许涵婧,128581635,TEAM NIII,,14697555,19417041,GNZ48,GNZ48 十六期生,1202,XuHanJing,20240517141008_9mizev2dz1rp4r5,7855654071
杨雅雯,128581636,IDFT,,14616362,19531160,IDFT,GNZ48 十六期生,1501,YangYaWen,20240517141008_eiuixq8wy92oqcz,7855736244
赵文凤,128581637,TEAM NIII,,14649277,19449764,GNZ48,GNZ48 十六期生,1202,ZhaoWenFeng,20240517141008_bgqx34xt07id20b,7855949706
郭琬苏,129564673,预备生,,14550597,19547998,CGT48,CGT48 三期生,2103,GuoWanSu,20240603132539_mjimchvy34ebjjz,
李秋月,129564674,TEAM GII,,14779816,19465614,CGT48,CGT48 三期生,2102,LiQiuYue,20240603132539_ifv692c3x0vi3ke,8043480438
王宇清,129564675,预备生,,14747106,19564371,CGT48,CGT48 三期生,2103,WangYuQing,20240603132539_mywuvv35u4ad41b,8043464159
杨子涵,129564676,预备生,,14550598,19465617,CGT48,CGT48 三期生,2103,YangZiHan,20240603132539_ou6a5gpv05hv8pr,8045348149
张沁芝,129564677,预备生,,14616441,19580713,CGT48,CGT48 三期生,2103,ZhangQinZhi,20240603132539_utgry54rt5oyb7o,8045315588
包楹,134480598,TEAM B,,16910176,22791428,BEJ48,BEJ48 十五期生,1101,BaoYing,20240823145210_xk1m7bsobh4c90i,9013855888
谷雨馨,134480605,预备生,,16877451,22742538,BEJ48,BEJ48 十五期生,1104,GuYuXin,20240823145211_2nxagbc6votk5tq,9013871939
金宛莹,134480623,TEAM B,,16958859,22791429,BEJ48,BEJ48 十五期生,1101,JinWanYing,20240823145211_7zi6298mepdknsr,9014167110
马明萱,134480629,TEAM E,,16877452,22775064,BEJ48,BEJ48 十五期生,1102,MaMingXuan,20240823145211_h56la56dtgqzw95,9014413252
单子涵,134480638,TEAM B,,17056818,22775065,BEJ48,BEJ48 十五期生,1101,ShanZiHan,20240823145211_52xgdjb7c25hg3j,9014461487
王佳琪,134480650,TEAM B,,16860292,22726581,BEJ48,BEJ48 十五期生,1101,WangJiaQi,20240823145211_eh7hckd42kecotl,9013986656
王苏南,134480654,IDFT,,16877453,22693667,IDFT,BEJ48 十五期生,1501,WangSuNan,20240823145211_10k95dib84pxudq,9014019542
张颂宁,134480670,预备生,,16958860,22758703,BEJ48,BEJ48 十五期生,1104,ZhangSongNing,20240823145211_olff4b7rbr0mpc5,9014134318
朱玥彤,134480674,TEAM E,,16909974,22676699,BEJ48,BEJ48 十五期生,1102,ZhuYueTong,20240823145211_okj60oll0gix629,9015199418
陈俞希,135463849,TEAM HII,,17482968,23496603,SNH48,SNH48 二十一期生,1003,ChenYuXi,20240915183102_1evvd3mal9279z1,9170667069
金泓言,135463855,TEAM X,,17401220,23414251,SNH48,SNH48 二十一期生,1004,JinHongYan,20240915183103_v594lue1ytmjh32,9169847306
李妍,135463871,TEAM X,,17434486,23430772,SNH48,SNH48 二十一期生,1004,LiYan,20240915183103_e9lsdl6x1ullpu0,9171125738
李子忻,135463877,TEAM X,,17434311,23495776,SNH48,SNH48 二十一期生,1004,LiZiXin,20240915183103_e4poyb9226r7vza,9170749310
杨秋野,135463881,TEAM X,,17499705,23414400,SNH48,SNH48 二十一期生,1004,YangQiuYe,20240915183103_k0991zjt15w0hg2,9169929280
肖彦竹,135463889,TEAM NII,,17532662,23414401,SNH48,SNH48 二十一期生,1002,XiaoYanZhu,20240915183103_j6028zk8rm7od63,9170683892
张雷雷,135463898,TEAM SII,,17483161,23545491,SNH48,SNH48 二十一期生,1001,ZhangLeiLei,20240915183103_30dyzoexuxvoscz,9170699777
朱文露,135987436,TEAM C,,17138716,23331889,CKG48,CKG48 八期生,1401,ZhuWenLou,20240907150325_okdyjrsznt17dh9,
郝茹馨,135987437,TEAM C,,17138715,23332088,CKG48,CKG48 八期生,1401,HaoRuXin,20240907150325_ay4yo87tl1wkgoj,
白佳媛,136446097,TEAM NIII,,17401218,23529081,GNZ48,GNZ48 十七期生,1202,BaiJiaYuan,20240915174503_c319rxbmwrsbth6,9149482626
鲍雨欣,136446098,TEAM G,,17532477,23512768,GNZ48,GNZ48 十七期生,1201,BaoYuXin,20240915174503_8vg5txsid80twen,9149973874
雷瑞妍,136446099,TEAM G,,17548418,23430557,GNZ48,GNZ48 十七期生,1201,LeiRuiYan,20240915174503_1tqxj231po6lxsa,9149711655
林仪,136446104,预备生,,17352234,23495771,GNZ48,GNZ48 十七期生,1207,LinYi,20240915174503_uyvbn69ftic7kiz,9150465362
唐果,136446105,TEAM G,,17401219,23545826,GNZ48,GNZ48 十七期生,1201,TangGuo,20240915174503_hbw49b557s5wxae,
王阙蝶舞,136446107,TEAM NIII,,17335679,23414249,GNZ48,GNZ48 十七期生,1202,WangQueDieWu,20240915174503_x8ixgq2qevuohqj,9150973304
许泳怡,136446108,TEAM Z,,17482967,23512771,GNZ48,GNZ48 十七期生,1203,XuYongYi,20240915174503_5fji5xd6dk1qlcv,9150105586
徐郑子滢,136446110,TEAM NIII,,17482815,23495972,GNZ48,GNZ48 十七期生,1202,XuZhengZiYing,20240915174503_xm0vjuw38qimg8j,9151055033
郭依晨,138608878,TEAM E,,18532044,25281812,BEJ48,BEJ48 十五期生,1102,GuoYiChen,20241109113330_lgqq8m09t3w1kaq,9766864235
Magic,140509404,燃烧吧团魂,,17814106,23941208,燃烧吧团魂,团魂,8001,Magic,20241119110031_zx46kux9nky16ay,
NaVI,140509406,燃烧吧团魂,,17863587,23892091,燃烧吧团魂,团魂,8001,NaVI,20241119113634_irdcgez827o7t0a,
大家一起喜洋洋,140509407,燃烧吧团魂,,17780976,23892689,燃烧吧团魂,团魂,8001,DaJiaYiQiXiYangYang,20241120011351_ephh8399y38q7sc,
对对队,140509409,燃烧吧团魂,,17862787,23810117,燃烧吧团魂,团魂,8001,DuiDuiDui,20241119170258_0m2j12cveg61xk2,
多干几票就润,140509410,燃烧吧团魂,,17863386,23942004,燃烧吧团魂,团魂,8001,DuoGanJiPiaoJiuRun,20241119164653_05d4bpk625ej9a1,
星云少女,140509411,燃烧吧团魂,,17863588,23892092,燃烧吧团魂,团魂,8001,XingYunShaoNv,20241119164703_gvz00cm9447pjti,
这就是街舞,140509412,燃烧吧团魂,,17846431,23892093,燃烧吧团魂,团魂,8001,ZheJiuShiJieWu,20241126164837_myhvyxbvz8gthfp,
猪突猛进,140509416,燃烧吧团魂,,17813892,23892692,燃烧吧团魂,团魂,8001,ZhuTuMengJin,20241124205528_kx2ly01vnmjxevv,
最美啦芭,140509417,燃烧吧团魂,,17862788,23942007,燃烧吧团魂,团魂,8001,ZuiMeiLaBa,20241126164941_42n9026op69z9o6,
并夕夕,140509418,燃烧吧团魂,,17863387,23794545,燃烧吧团魂,团魂,8001,BingXiXi,20241126165016_f50yhvqxco7n45g,
成都第一天团,140509419,燃烧吧团魂,,17863589,23794547,燃烧吧团魂,团魂,8001,ChengDuDiYiTianTuan,20241125210132_zam81j6bx4cgi74,
第六人格,140509420,燃烧吧团魂,,17863388,23794548,燃烧吧团魂,团魂,8001,DiLiuRenGe,20241126165104_h48t8ci68aj98c9,
和一姐一起拿第一队,140509423,燃烧吧团魂,,17846432,23794550,燃烧吧团魂,团魂,8001,HeYiJieYiQiNaDiYiDui,20241126165140_6zcn0xezt7y4v38,
E起来耍,140574885,燃烧吧团魂,,17862789,23810122,燃烧吧团魂,团魂,8001,EQiLaiShua,20241120163626_r196egva9n8tebf,
TEAM-BB,140574886,燃烧吧团魂,,17813713,23810124,燃烧吧团魂,团魂,8001,TEAM-BB,20241126165213_fjvkygwk0s2lya2,
夜莺,140574887,燃烧吧团魂,,17830891,23925069,燃烧吧团魂,团魂,8001,YeYing,20241120211645_11zbkoovi8wtc36,
5IRE,140574888,燃烧吧团魂,,17863211,23892101,燃烧吧团魂,团魂,8001,5IRE,20241126165259_9rnhuyi1q9zsl5o,
不如跳5,140574889,燃烧吧团魂,,17830892,23941398,燃烧吧团魂,团魂,8001,BuRuTiao5,20241126165331_kt5o6iwg888pj51,
课间进行曲,140574890,燃烧吧团魂,,17847258,24007011,燃烧吧团魂,团魂,8001,KeJianJinXingQu,20241126165418_5wq488uoq3d334r,
麻辣女bang,140574891,燃烧吧团魂,,17813893,23991263,燃烧吧团魂,团魂,8001,MaLaNvbang,20241120150759_oozhkwc0iyc5l0d,
美少女先疯队,140574892,燃烧吧团魂,,17813538,23941216,燃烧吧团魂,团魂,8001,MeiShaoNvXianFengDui,20241120143636_u8hajjj42x53wbt,
末路狂花,140574893,燃烧吧团魂,,17814107,23942015,燃烧吧团魂,团魂,8001,MoLuKuangHua,20241126165518_jc7dl2eilqhmcq7,
丝禧丸子,140574894,燃烧吧团魂,,17780977,23941402,燃烧吧团魂,团魂,8001,SiXiWanZi,20241120200234_bk1l6s9y4wklawk,
我说的都队,140574895,燃烧吧团魂,,17781387,23794555,燃烧吧团魂,团魂,8001,WoShuoDeDouDui,20241126165602_4p5hx56zb773gm9,
刘思田,141033581,预备生,,17863562,23794517,CKG48,CKG48 八期生,1405,LiuSiTian,20241124144649_wdmrbnvj38eeks9,
徐沁楠,141033582,TEAM C,,17862959,23876517,CKG48,CKG48 八期生,1401,XuQinNan,20241124144649_0vlo5fnqj0fp9cz,
卓思佳,141033583,TEAM K,,17862960,23925205,CKG48,CKG48 八期生,1402,ZhuoSiJia,20241124144649_5fanjk8tt7wvtsp,
复活者联盟,141623681,燃烧吧团魂,,17961750,24024044,燃烧吧团魂,团魂,8001,FuHuoZheLianMeng,20241201170424_euc7t731zd8azvo,
朱怡霖,143130754,预备生,,27022169,33739011,CKG48,CKG48 八期生,1405,ZhuYiLin,20250308180552_7yhneoqmx2vplsy,
秦晓芸,143130756,预备生,,27038556,33624089,CKG48,CKG48 八期生,1405,QinXiaoYun,20250308180552_1ka196api1yag48,
陈子悦,143130759,TEAM K,,27038151,33788466,CKG48,CKG48 八期生,1402,ChenZiYue,20250308180552_5qhc4gcz69j0buq,
刘艾萌,143130760,预备生,,27071470,33755772,CKG48,CKG48 八期生,1405,LiuAiMeng,20250308180552_h287jrjaz85t5iz,
刘莹莹,143130762,TEAM C,,27038350,33624670,CKG48,CKG48 八期生,1401,LiuYingYing,20250308180552_m2zowthp35twofl,
罗婕桢,143130773,TEAM C,,27021582,33755771,CKG48,CKG48 八期生,1401,LuoJieZhen,20250308180551_ut5i4yqvxxqaz51,
偶像初见计划,143130774,预备生,,,,CKG48,CKG48 八期生,1405,OuXiangChuJianJiHua,,
陈诗莹,143261831,IDFT,,18469325,24760835,IDFT,GNZ48 十八期生,1501,ChenShiYing,20241227192752_vhchbvmhjvuahez,9428472829
和丹丹,143261836,预备生,,18436413,24793939,GNZ48,GNZ48 十八期生,1207,HeDanDan,20241227192753_bintfgm83m5bsq6,9428275690
万芳源,143261838,预备生,,18420248,24695394,GNZ48,GNZ48 十八期生,1207,WanFangYuan,20241227192753_w4vj6cxln6rf4a5,
张佳仪,143261839,TEAM NIII,,18468953,24760836,GNZ48,GNZ48 十八期生,1202,ZhangJiaYi,20241227192753_33kcdesguerh81r,
谢林容,143524105,预备生,,18567466,24908222,GNZ48,GNZ48 十八期生,1207,XieLinRong,20250101005123_589m5t7oe2mfiy6,9459716809
朱丽娜,143524107,TEAM G,,18502041,24973331,GNZ48,GNZ48 十八期生,1201,ZhuLiNa,20250101005122_6u64w46x1fmacht,9468252673
乔诗然,147783848,TEAM E,,27103769,33788085,BEJ48,BEJ48 十六期生,1102,QiaoShiRan,20250316192530_s2sb7d8g9ub2lw2,
冯雪,149356877,预备生,,27480618,34246898,SNH48,SNH48 二十二期生,1007,FengXue,20250408120142_2noy6xrr54fu69a,
龚晨美,149356878,TEAM HII,,27431537,34280419,SNH48,SNH48 二十二期生,1003,GongChenMei,20250408120142_qj9jqbm8klvv1gt,
黄紫怡,149356880,TEAM NII,,27513537,34345057,SNH48,SNH48 二十二期生,1002,HuangZiYi,20250408120143_vjnt2prtk1b2fmi,
蒋夏羽,149356882,TEAM SII,,27431737,34280020,SNH48,SNH48 二十二期生,1001,JiangXiaYu,20250408120143_zo1085sff3jbrkb,
康楚翊,149356883,TEAM HII,,27398418,34230939,SNH48,SNH48 二十二期生,1003,KangChuYi,20250408120143_ylm5spt4oz6b9gy,
李嘉怡,149356888,预备生,,27497377,34230940,SNH48,SNH48 二十二期生,1007,LiJiaYi,20250408120143_2zbn4h8hq4w853i,
李芊,149356889,预备生,,27431738,34246901,SNH48,SNH48 二十二期生,1007,LiQian,20250408120143_3yjeti5sngraev7,
阙佳慧,149356891,TEAM HII,,27398617,34280023,SNH48,SNH48 二十二期生,1003,QueJiaHui,20250408120143_nf15k8z95oerulo,
盛乐,149356896,TEAM SII,,27398419,34296180,SNH48,SNH48 二十二期生,1001,ShengYue,20250408120143_7x4cqj92p6a212f,
覃柯蒙,149356897,TEAM HII,,27398618,34279822,SNH48,SNH48 二十二期生,1003,QinKeMeng,20250408120143_zey565u6ysw772l,
王禹诺,149356898,预备生,,27512937,34329306,SNH48,SNH48 二十二期生,1007,WangYuNuo,20250408120143_s9rhryq9xwg0faq,
应籽言,149356902,TEAM HII,,27497378,34345257,SNH48,SNH48 二十二期生,1003,YingZiYan,20250408120143_wh65lcpxl660j8m,
谢珊珊,149356903,TEAM NII,,27513137,34280028,SNH48,SNH48 二十二期生,1002,XieShanShan,20250408120143_k7ztm0tvpolwbbp,
张婷婷,149356905,TEAM E,,27513337,34198221,BEJ48,SNH48 二十二期生,1102,ZhangTingTing,20250408120143_04mi1unriu1a20w,
徐一平,149356906,预备生,,27480619,34198027,SNH48,SNH48 二十二期生,1007,XuYiPing,20250408120143_73tmpfo9x6o954w,
钟亚男,149356907,TEAM NII,,27398619,34198223,SNH48,SNH48 二十二期生,1002,ZhongYaNan,20250408115650_ghdjbyk57bxu4m6,
易思桐,151126114,预备生,,,,CGT48,CGT48 四期生,2103,YiSiTong,,
程怡雯,151126135,预备生,,27758935,34607927,CGT48,CGT48 四期生,2103,ChengYiWen,,
耿钰嘉,151126137,预备生,,27873459,34673222,CGT48,CGT48 四期生,2103,GengYuJia,,
胡琪涵,151126138,预备生,,27791483,34705524,CGT48,CGT48 四期生,2103,HuQiHan,,
黄蔚,151126141,TEAM CII,,27824825,34705699,CGT48,CGT48 四期生,2101,HuangWei,,
李怡淳,151126143,预备生,,27791484,34673418,CGT48,CGT48 四期生,2103,LiYiChun,,
王相懿,151126144,预备生,,27759293,34607930,CGT48,CGT48 四期生,2103,WangXiangYi,,
许恩乔,151126146,预备生,,27775957,34705525,CGT48,CGT48 四期生,2103,XuEnQiao,,
张伶,151126150,预备生,,27791662,34673419,CGT48,CGT48 四期生,2103,ZhangLing,,
见习偶像初见时刻,153157747,预备生,,,,CGT48,CGT48 四期生,2103,JianXiOuXiangChuJianShiKe,,
葛俊言,153682082,TEAM K,,28135965,35033643,CKG48,CKG48 九期生,1402,GeJunYan,,
黄孟浠,153682083,TEAM C,,28217844,35000666,CKG48,CKG48 九期生,1401,HuangMengXi,,
娜则乃,153682084,预备生,,28217659,35066492,CKG48,CKG48 九期生,1405,NaZeNai,,
郝冰圆,153682085,预备生,,28136278,35148145,CKG48,CKG48 九期生,1405,HaoBingYuan,,
林柔廷,153682086,预备生,,28168913,35148146,CKG48,CKG48 九期生,1405,LinRouTing,,
曹可甜,159711307,TEAM SII,,28938665,36098784,SNH48,SNH48 二十三期生,1001,CaoKeTian,,
刘诗彤,159711309,TEAM SII,,28889370,36131144,SNH48,SNH48 二十三期生,1001,LiuShiTong,,
柳雨呈,159711310,TEAM SII,,28889369,35967261,SNH48,SNH48 二十三期生,1001,LiuYuCheng,,
丁甄奥果,161153114,预备生,,29348279,36442831,GNZ48,GNZ48 十九期生,1207,DingZhenAoGuo,,
韩梓轩,161153115,预备生,,29299623,36442999,GNZ48,GNZ48 十九期生,1207,HanZiXuan,,
李家敏,161153116,预备生,,29398006,36311571,GNZ48,GNZ48 十九期生,1207,LiJiaMin,,
刘柳茜,161153117,预备生,,29299326,36458525,GNZ48,GNZ48 十九期生,1207,LiuLiuQian,,
魏诗绮,161153118,预备生,,29299624,36311573,GNZ48,GNZ48 十九期生,1207,WeiShiQi,,
王紫萱,161153119,预备生,,29266638,36426194,GNZ48,GNZ48 十九期生,1207,WangZiXuan,,
王紫媛,161153120,预备生,,29299327,36377165,GNZ48,GNZ48 十九期生,1207,WangZiYuan,,
曾雨思,161153122,TEAM NIII,,29299492,36426195,GNZ48,GNZ48 十九期生,1202,ZengYuSi,,
李梓源,161218581,预备生,,29316037,36442469,BEJ48,BEJ48 十七期生,1104,LiZiYuan,,
王思文,161218582,TEAM B,,29413758,36426538,BEJ48,BEJ48 十七期生,1101,WangSiWen,,
朱语凝,161218585,TEAM B,,29331597,36492042,BEJ48,BEJ48 十七期生,1101,ZhuYuNing,,
张雅童,161218587,TEAM B,,29331788,36492043,BEJ48,BEJ48 十七期生,1101,ZhangYaTong,,
李嘉琪,161415232,预备生,,29266387,36295650,CGT48,CGT48 五期生,2103,LiJiaQi,,
梁艺馨,161415233,预备生,,,,CGT48,CGT48 五期生,2103,LiangYiXin,,
吴婳祎,161415234,预备生,,29298697,36361162,CGT48,CGT48 五期生,2103,WuHuaYi,,
王靖雨,161415235,预备生,,29299055,36344348,CGT48,CGT48 五期生,2103,WangJingYu,,
王小萌,161415236,预备生,,29233871,36410097,CGT48,CGT48 五期生,2103,WangXiaoMeng,,
王艺淇,161415237,预备生,,29299188,36393013,CGT48,CGT48 五期生,2103,WangYiQi,,
熊玊清,161415238,预备生,,29299056,36393162,CGT48,CGT48 五期生,2103,XiongSuQing,,
郑佳男,161415239,预备生,,29266193,36393163,CGT48,CGT48 五期生,2103,ZhengJiaNan,,
张于馨,161415240,预备生,,29234166,36377457,CGT48,CGT48 五期生,2103,ZhangYuXin,,
陈嘉仪,161808449,TEAM HII,,29298737,36376935,SNH48,SNH48 二十三期生,1003,ChenJiaYi,,
曾雪婷,161808451,预备生,,29298945,36311122,SNH48,SNH48 二十三期生,1007,ZengXueTing,,
曾昕妍,161808452,TEAM X,,29266680,36311124,SNH48,SNH48 二十三期生,1004,ZengXinYan,,
邓甲楠,161808453,预备生,,,,SNH48,SNH48 二十三期生,1007,DengJiaNan,,
黄子欣,161808454,预备生,,29299086,36311278,SNH48,SNH48 二十三期生,1007,HuangZiXin,,
蒋欣洳,161808456,TEAM X,,29298946,36361096,SNH48,SNH48 二十三期生,1004,JiangXinRu,,
康圣洁,161808458,预备生,,29266539,36410149,SNH48,SNH48 二十三期生,1007,KangShengJie,,
李继醇,161808459,TEAM NII,,29234109,36410152,SNH48,SNH48 二十三期生,1002,LiJiChun,,
刘婧阳,161808460,TEAM SII,,29266540,36311279,SNH48,SNH48 二十三期生,1001,LiuJingYang,,
刘若熙,161808462,TEAM NII,,29299087,36311658,SNH48,SNH48 二十三期生,1002,LiuRuoXi,,
刘思雨,161808464,TEAM HII,,29233911,36311659,SNH48,SNH48 二十三期生,1003,LiuSiYu,,
李婷,161808465,TEAM SII,,29266435,36393209,SNH48,SNH48 二十三期生,1001,LiTing,,
沈馨,161808466,TEAM NII,,29266436,36311457,SNH48,SNH48 二十三期生,1002,ShenXin,,
徐佳琳,161808468,TEAM NII,,29234110,36376941,SNH48,SNH48 二十三期生,1002,XuJiaLin,,
徐小旭,161808471,预备生,,29266437,36311281,SNH48,SNH48 二十三期生,1007,XuXiaoXu,,
钟郭菲杨,161808472,TEAM X,,29298738,36376748,SNH48,SNH48 二十三期生,1004,ZhongGuoFeiYang,,
郑柯炜,161808474,TEAM HII,,29299236,36360929,SNH48,SNH48 二十三期生,1003,ZhengKeWei,,
韩云伊,166133891,预备生,,29790812,36966974,SNH48,SNH48 二十三期生,1007,HanYunYi,,
何诗雨,167444517,预备生,,29971341,37294934,CKG48,CKG48 九期生,1405,HeShiYu,,
廖雨涵,167444518,预备生,,29955051,37458290,CKG48,CKG48 九期生,1405,LiaoYuHan,,
王振楠,167444519,预备生,,29954943,37147075,CKG48,CKG48 九期生,1405,WangZhenNan,,
余茜果,167444520,预备生,,30053355,37163941,CKG48,CKG48 九期生,1405,YuXiGuo,,
周雨涵,167444521,预备生,,30117984,37294939,CKG48,CKG48 九期生,1405,ZhouYuHan,,
冯玉雯,169934918,预备生,,30659413,37966775,GNZ48,GNZ48 二十期生,1207,FengYuWen,,
韩鑫缘,169934919,预备生,,30659008,37966776,GNZ48,GNZ48 二十期生,1207,HanXinYuan,,
孔美迪,169934921,预备生,,30527545,38015261,GNZ48,GNZ48 二十期生,1207,KongMeiDi,,
李想,169934925,预备生,,30659414,37966592,GNZ48,GNZ48 二十期生,1207,LiXiang,,
张臻,169934926,预备生,,30659009,37868238,GNZ48,GNZ48 二十期生,1207,ZhangZhen,,
赵子涵,169934927,预备生,,30659010,37868239,GNZ48,GNZ48 二十期生,1207,ZhaoZiHan,,
国嘉睿,173539393,预备生,,,,BEJ48,BEJ48 十八期生,1104,GuoJiaRui,,
郭庆恩,173539395,预备生,,31150641,38572794,BEJ48,BEJ48 十八期生,1104,GuoQingEn,,
姜佳玉格,173539396,预备生,,,,BEJ48,BEJ48 十八期生,1104,JiangJiaYuGe,,
温舒涵,173539398,预备生,,31150989,38719880,BEJ48,BEJ48 十八期生,1104,WenShuHan,,
王天娇,173539399,预备生,,31101167,38621298,BEJ48,BEJ48 十八期生,1104,WangTianJiao,,
应立婷,173539400,预备生,,31166857,38753104,BEJ48,BEJ48 十八期生,1104,YingLiTing,,
张宸,173539402,预备生,,31101168,38605802,BEJ48,BEJ48 十八期生,1104,ZhangChen,,
郑依依,173539403,预备生,,31117890,38687317,BEJ48,BEJ48 十八期生,1104,ZhengYiYi,,
陈雨孜,4344250371,TEAM SII,147283635,1181020,1345516,SNH48,SNH48 十二期生,1001,ChenYuZi,20200109180128_8b0atpmt7na9apo,148014351
刘丽千,4344250372,TEAM SII,,,,SNH48,SNH48 十二期生,1001,LiuLiQian,,
江鑫,4344250373,CKG48,,,,CKG48,SNH48 十二期生,1404,JiangXin,,
潘璐瑶,4344250374,TEAM X,,,,SNH48,SNH48 十二期生,1004,PanLuYao,,
陈亿杉,4528799749,TEAM E,,,,BEJ48,BEJ48 七期生,1102,ChenYiShan,,
曾洁,4528799750,TEAM E,,,,BEJ48,BEJ48 七期生,1102,ZengJie,,
张智杰,4528799751,IDFT,143189214,1148925,1247184,IDFT,BEJ48 七期生,1501,ZhangZhiJie,20191219151620_m7fm0foqvjuv7tt,143217705
吕蕊,4998561801,BEJ48,,,,BEJ48,BEJ48 七期生,1105,LvRui,,
宁轲,4998561802,TEAM SII,154058194,1147914,1230592,SNH48,BEJ48 七期生,1001,NingKe,20200207025844_0htfp36c8e7zzq4,154271246
张睿婕,5384437777,TEAM NII,157010991,1213950,1164957,SNH48,SNH48 十三期生,1002,ZhangRuiJie,20200217155657_dod0qtkgq05qq8u,157053036
杜亚轩,5585764355,TEAM J,,,,BEJ48,BEJ48 七期生,1103,DuYaXuan,,
熊文婕,5585764356,TEAM J,,,,BEJ48,BEJ48 七期生,1103,XiongWenJie,,
王贝妮,5602541570,TEAM SII,,,,SNH48,SNH48 十三期生,1001,WangBeiNi,,
由淼,5602541574,TEAM SII,159822189,1148112,1345521,SNH48,SNH48 十三期生,1001,YouMiao,20200228121100_h2iumsjcpjnpkht,160147195
刘果,6827278356,TEAM NIII,,,,GNZ48,GNZ48 七期生,1202,LiuGuo,,
吴思琪,6827278357,IDFT,155333671,1099637,1328213,IDFT,GNZ48 七期生,1501,WuSiQi,20200211151733_v24roigtus3qdia,155390738
马昕玥,6827278358,TEAM Z,155329896,1213759,1312425,GNZ48,GNZ48 七期生,1203,MaXinYue,20200211152144_qj1u4z48cagov99,155425159
莫昕,7179599898,TEAM NIII,,,,GNZ48,GNZ48 七期生,1202,MoXin,,
王若诗蓝,7984906291,BEJ48,180129550,1016834,1262734,BEJ48,BEJ48 八期生,1105,WangRuoShiLan,20200609135010_3w3eujald6fv6hc,180176795
张睿怡,7984906292,BEJ48,,,,BEJ48,BEJ48 八期生,1105,ZhangRuiYi,,
石竹君,8957984817,TEAM NIII,181393187,1164290,1279533,GNZ48,GNZ48 八期生,1202,ShiZhuJun,20200617192501_451ye1c4w95q0w4,182345007
杨若惜,8957984818,TEAM G,181380525,1181026,1312227,GNZ48,GNZ48 八期生,1201,YangRuoXi,20200617192534_g3gm9hl2u2zukto,182335918
张书瑀,8957984819,TEAM Z,,1901962,2343970,GNZ48,GNZ48 八期生,1203,ZhangShuYu,20200617192607_6rk2yxn4brrzn5k,182317927
余芸萱,9276751976,IDFT,187441914,1147929,1361343,IDFT,CKG48 四期生,1501,YuYunXuan,20200706182342_ogam748hadiogtt,187921874
梁晶金,9276751977,TEAM C,187441935,951578,1279728,CKG48,CKG48 四期生,1401,LiangJingJin,20200706182555_0gsw8eef2dqf012,187874323
涂秀文,9276751978,IDFT,,,,IDFT,CKG48 四期生,1501,TuXiuWen,,
